date,location_name,ili,pred_hosp,true_hosp,population,total_hosp
2012-10-06,Texas,-0.4339484953117724,0.25,NA,29527941,74
2012-10-13,Texas,-0.39938880492924556,0.28,NA,29527941,83
2012-10-20,Texas,-0.38039572784768105,0.29,NA,29527941,86
2012-10-27,Texas,-0.27997800207864637,0.37,NA,29527941,109
2012-11-03,Texas,-0.11821301674586158,0.51,NA,29527941,151
2012-11-10,Texas,-0.005280842538942383,0.62,NA,29527941,183
2012-11-17,Texas,-0.22906264736248413,0.41,NA,29527941,121
2012-11-24,Texas,0.08636058897738427,0.71,NA,29527941,210
2012-12-01,Texas,0.044021030187695834,0.66,NA,29527941,195
2012-12-08,Texas,-0.09343020196299343,0.53,NA,29527941,156
2012-12-15,Texas,0.21462951594832316,0.84,NA,29527941,248
2012-12-22,Texas,0.6330738879240476,1.36,NA,29527941,402
2012-12-29,Texas,0.48085722249843393,1.16,NA,29527941,343
2013-01-05,Texas,0.36529978289567383,1.01,NA,29527941,298
2013-01-12,Texas,0.6990023506729082,1.45,NA,29527941,428
2013-01-19,Texas,0.8664636444477547,1.71,NA,29527941,505
2013-01-26,Texas,1.100607739321176,2.11,NA,29527941,623
2013-02-02,Texas,1.2402372875033798,2.38,NA,29527941,703
2013-02-09,Texas,1.45864470909757,2.85,NA,29527941,842
2013-02-16,Texas,1.5007239867889808,2.95,NA,29527941,871
2013-02-23,Texas,1.2326761077985662,2.37,NA,29527941,700
2013-03-02,Texas,0.8065187170623047,1.62,NA,29527941,478
2013-03-09,Texas,0.5780916455340912,1.28,NA,29527941,378
2013-03-16,Texas,0.2182334920713081,0.84,NA,29527941,248
2013-03-23,Texas,0.32420013899486333,0.96,NA,29527941,283
2013-03-30,Texas,-0.3465457817356915,0.32,NA,29527941,94
2013-04-06,Texas,-0.6767012777557734,0.08,NA,29527941,24
2013-04-13,Texas,-0.8361155741218285,0,NA,29527941,0
2013-04-20,Texas,-0.8613506564975117,0,NA,29527941,0
2013-04-27,Texas,-1.160644460210305,0,NA,29527941,0
2013-05-04,Texas,-0.9029111853516202,0,NA,29527941,0
2013-05-11,Texas,-0.6990023506729082,0.07,NA,29527941,21
2013-05-18,Texas,-1.1958846578286202,0,NA,29527941,0
2013-05-25,Texas,-1.660021574750552,0,NA,29527941,0
2013-06-01,Texas,-1.1267895716078145,0,NA,29527941,0
2013-06-08,Texas,-1.9922073274574958,0,NA,29527941,0
2013-06-15,Texas,-1.6327190932743467,0,NA,29527941,0
2013-06-22,Texas,-1.877911605899465,0,NA,29527941,0
2013-06-29,Texas,-1.1745656332343424,0,NA,29527941,0
2013-07-06,Texas,-1.8383473640609589,0,NA,29527941,0
2013-07-13,Texas,-1.801467575463718,0,NA,29527941,0
2013-07-20,Texas,-3.193725826777225,0,NA,29527941,0
2013-07-27,Texas,-2.4216684657881675,0,NA,29527941,0
2013-08-03,Texas,-2.360335237012858,0,NA,29527941,0
2013-08-10,Texas,-2.6957767314728835,0,NA,29527941,0
2013-08-17,Texas,-2.216089207263055,0,NA,29527941,0
2013-08-24,Texas,-2.1406364028797813,0,NA,29527941,0
2013-08-31,Texas,-1.2031130287087317,0,NA,29527941,0
2013-09-07,Texas,-0.7681202786612121,0.03,NA,29527941,9
2013-09-14,Texas,-0.8664636444477547,0,NA,29527941,0
2013-09-21,Texas,-0.9189034649586079,0,NA,29527941,0
2013-09-28,Texas,-1.2633576568077192,0,NA,29527941,0
2013-10-05,Texas,-0.6330738879240476,0.11,NA,29527941,32
2013-10-12,Texas,-0.8212272211763838,-0,NA,29527941,-0
2013-10-19,Texas,-0.45727706832142617,0.24,NA,29527941,71
2013-10-26,Texas,-0.4611891276706035,0.23,NA,29527941,68
2013-11-02,Texas,-0.6202209058841465,0.12,NA,29527941,35
2013-11-09,Texas,-0.407026174573504,0.27,NA,29527941,80
2013-11-16,Texas,-0.3020152345358011,0.35,NA,29527941,103
2013-11-23,Texas,-0.26536235001999203,0.38,NA,29527941,112
2013-11-30,Texas,-0.4729680762489541,0.22,NA,29527941,65
2013-12-07,Texas,-0.5990233655760756,0.14,NA,29527941,41
2013-12-14,Texas,-0.41468736021870517,0.27,NA,29527941,80
2013-12-21,Texas,-0.18589374192454478,0.45,NA,29527941,133
2013-12-28,Texas,-0.14662633465247,0.49,NA,29527941,145
2014-01-04,Texas,-0.5167408459000651,0.19,NA,29527941,56
2014-01-11,Texas,-0.31308842462085673,0.35,NA,29527941,103
2014-01-18,Texas,-0.15731068461017067,0.48,NA,29527941,142
2014-01-25,Texas,-0.21462951594832302,0.43,NA,29527941,127
2014-02-01,Texas,0.001760273573821549,0.62,NA,29527941,183
2014-02-08,Texas,0.12530650961699713,0.75,NA,29527941,221
2014-02-15,Texas,0.2617173985597443,0.89,NA,29527941,263
2014-02-22,Texas,0.38039572784768105,1.03,NA,29527941,304
2014-03-01,Texas,0.42622511265139085,1.09,NA,29527941,322
2014-03-08,Texas,0.22545000617571584,0.85,NA,29527941,251
2014-03-15,Texas,0.553302660203364,1.25,NA,29527941,369
2014-03-22,Texas,0.19665040450077065,0.82,NA,29527941,242
2014-03-29,Texas,0.14306866116700104,0.76,NA,29527941,224
2014-04-05,Texas,-0.0017602735738216882,0.62,NA,29527941,183
2014-04-12,Texas,-0.3502866335373415,0.32,NA,29527941,94
2014-04-19,Texas,-0.3093931612473546,0.35,NA,29527941,103
2014-04-26,Texas,-0.4416978507395579,0.25,NA,29527941,74
2014-05-03,Texas,-0.39557886619102806,0.28,NA,29527941,83
2014-05-10,Texas,-0.4032045499061246,0.28,NA,29527941,83
2014-05-17,Texas,-0.20742986957102957,0.43,NA,29527941,127
2014-05-24,Texas,-0.2873081216859556,0.37,NA,29527941,109
2014-05-31,Texas,0.26536235001999214,0.9,NA,29527941,266
2014-06-07,Texas,-0.913546753151887,0,NA,29527941,0
2014-06-14,Texas,-0.996885223813791,0,NA,29527941,0
2014-06-21,Texas,-0.8163047773771457,-0,NA,29527941,-0
2014-06-28,Texas,0.18589374192454478,0.81,NA,29527941,239
2014-07-05,Texas,-0.641700883110645,0.11,NA,29527941,32
2014-07-12,Texas,-1.050388945881644,0,NA,29527941,0
2014-07-19,Texas,-1.0814558670746535,0,NA,29527941,0
2014-07-26,Texas,-1.225184752650885,0,NA,29527941,0
2014-08-02,Texas,-1.1401748019973224,0,NA,29527941,0
2014-08-09,Texas,-1.1537674907645017,0,NA,29527941,0
2014-08-16,Texas,-1.2177615314319334,0,NA,29527941,0
2014-08-23,Texas,-1.1136032345022233,0,NA,29527941,0
2014-08-30,Texas,-1.210404814184056,0,NA,29527941,0
2014-09-06,Texas,-0.7540108667979343,0.04,NA,29527941,12
2014-09-13,Texas,-0.32420013899486333,0.34,NA,29527941,100
2014-09-20,Texas,-0.3577831277861012,0.31,NA,29527941,92
2014-09-27,Texas,-0.42237296338098645,0.26,NA,29527941,77
2014-10-04,Texas,-0.50871065012458,0.2,NA,29527941,59
2014-10-11,Texas,-0.1288555995522333,0.5,NA,29527941,148
2014-10-18,Texas,-0.5492044242664114,0.17,NA,29527941,50
2014-10-25,Texas,0.03345141825850829,0.65,NA,29527941,192
2014-11-01,Texas,0.18947684534314874,0.81,NA,29527941,239
2014-11-08,Texas,0.3615389019594598,1.01,NA,29527941,298
2014-11-15,Texas,0.3728371346165952,1.02,NA,29527941,301
2014-11-22,Texas,0.974000723934674,1.89,NA,29527941,558
2014-11-29,Texas,0.654731796705624,1.39,NA,29527941,410
2014-12-06,Texas,0.9796737430766239,1.9,NA,29527941,561
2014-12-13,Texas,1.1201720561440656,2.15,NA,29527941,635
2014-12-20,Texas,1.438539991746865,2.81,NA,29527941,830
2014-12-27,Texas,1.7668867825589025,3.62,NA,29527941,1069
2015-01-03,Texas,1.4899554313775891,2.92,NA,29527941,862
2015-01-10,Texas,1.3723843474337776,2.66,NA,29527941,785
2015-01-17,Texas,1.3814689076113988,2.68,NA,29527941,791
2015-01-24,Texas,1.3634116580455669,2.64,NA,29527941,780
2015-01-31,Texas,1.0877955074651227,2.09,NA,29527941,617
2015-02-07,Texas,0.8212272211763838,1.64,NA,29527941,484
2015-02-14,Texas,0.6678748490706486,1.41,NA,29527941,416
2015-02-21,Texas,0.3841831628937658,1.04,NA,29527941,307
2015-02-28,Texas,0.41468736021870506,1.07,NA,29527941,316
2015-03-07,Texas,0.4533719947674628,1.12,NA,29527941,331
2015-03-14,Texas,0.30570211781885154,0.94,NA,29527941,278
2015-03-21,Texas,0.1324063133054232,0.75,NA,29527941,221
2015-03-28,Texas,0.01936420941907381,0.64,NA,29527941,189
2015-04-04,Texas,-0.05459556242786477,0.57,NA,29527941,168
2015-04-11,Texas,-0.1324063133054232,0.5,NA,29527941,148
2015-04-18,Texas,-0.17873464118461777,0.46,NA,29527941,136
2015-04-25,Texas,-0.38418316289376553,0.29,NA,29527941,86
2015-05-02,Texas,-0.5864334523349931,0.14,NA,29527941,41
2015-05-09,Texas,-0.449473822764034,0.24,NA,29527941,71
2015-05-16,Texas,-0.5739358150242418,0.15,NA,29527941,44
2015-05-23,Texas,-0.777612053796781,0.02,NA,29527941,6
2015-05-30,Texas,-0.582257484315203,0.15,NA,29527941,44
2015-06-06,Texas,-0.8511916123629856,0,NA,29527941,0
2015-06-13,Texas,-0.9740007239346737,0,NA,29527941,0
2015-06-20,Texas,-0.426225112651391,0.26,NA,29527941,77
2015-06-27,Texas,-0.654731796705624,0.1,NA,29527941,30
2015-07-04,Texas,-0.49672637226854616,0.21,NA,29527941,62
2015-07-11,Texas,-0.6244937543378576,0.12,NA,29527941,35
2015-07-18,Texas,-0.7446874724904469,0.04,NA,29527941,12
2015-07-25,Texas,-1.0203040784800512,0,NA,29527941,0
2015-08-01,Texas,-0.7823842892623102,0.02,NA,29527941,6
2015-08-08,Texas,-1.2478700461631995,0,NA,29527941,0
2015-08-15,Texas,-0.88194049152801,0,NA,29527941,0
2015-08-22,Texas,-0.8767582183445507,0,NA,29527941,0
2015-08-29,Texas,-0.33163016462006445,0.33,NA,29527941,97
2015-09-05,Texas,0.22906264736248397,0.86,NA,29527941,254
2015-09-12,Texas,0.2218403049919378,0.85,NA,29527941,251
2015-09-19,Texas,0.2983324520267069,0.93,NA,29527941,275
2015-09-26,Texas,0.41852707156918956,1.08,NA,29527941,319
2015-10-03,Texas,-0.23991873257521543,0.41,NA,29527941,121
2015-10-10,Texas,-0.0969667382265949,0.53,NA,29527941,156
2015-10-17,Texas,0.12175899735085335,0.74,NA,29527941,219
2015-10-24,Texas,-0.05812170516684939,0.57,NA,29527941,168
2015-10-31,Texas,0.02288554219471259,0.64,NA,29527941,189
2015-11-07,Texas,0.26901083042247387,0.9,NA,29527941,266
2015-11-14,Texas,0.536964501616802,1.23,NA,29527941,363
2015-11-21,Texas,0.7400499885310311,1.51,NA,29527941,446
2015-11-28,Texas,0.9571666521074707,1.86,NA,29527941,549
2015-12-05,Texas,1.0262467698797284,1.98,NA,29527941,585
2015-12-12,Texas,1.2177615314319334,2.34,NA,29527941,691
2015-12-19,Texas,1.8577660293136855,3.88,NA,29527941,1146
2015-12-26,Texas,2.0757038644790975,4.55,NA,29527941,1344
2016-01-02,Texas,1.6600215747505516,3.34,NA,29527941,986
2016-01-09,Texas,1.2633576568077192,2.43,NA,29527941,718
2016-01-16,Texas,1.0085255105705881,1.95,NA,29527941,576
2016-01-23,Texas,0.940599550488521,1.83,NA,29527941,540
2016-01-30,Texas,0.8461449096280018,1.68,NA,29527941,496
2016-02-06,Texas,0.7216566216213197,1.49,NA,29527941,440
2016-02-13,Texas,0.6900407853075595,1.44,NA,29527941,425
2016-02-20,Texas,0.6287780348842577,1.35,NA,29527941,399
2016-02-27,Texas,0.6634811128700554,1.4,NA,29527941,413
2016-03-05,Texas,0.6117089533853262,1.33,NA,29527941,393
2016-03-12,Texas,0.5656537027197861,1.27,NA,29527941,375
2016-03-19,Texas,0.4729680762489541,1.15,NA,29527941,340
2016-03-26,Texas,0.4300835971258877,1.09,NA,29527941,322
2016-04-02,Texas,0.36906583784180547,1.02,NA,29527941,301
2016-04-09,Texas,0.4416978507395578,1.11,NA,29527941,328
2016-04-16,Texas,0.3167879681748788,0.96,NA,29527941,283
2016-04-23,Texas,0.21102832542615,0.84,NA,29527941,248
2016-04-30,Texas,-0.0898948338568996,0.54,NA,29527941,159
2016-05-07,Texas,0.005280842538942383,0.63,NA,29527941,186
2016-05-14,Texas,0.10050448768163824,0.72,NA,29527941,213
2016-05-21,Texas,0.18231302354605153,0.81,NA,29527941,239
2016-05-28,Texas,0.17873464118461765,0.8,NA,29527941,236
2016-06-04,Texas,0.008801476958388529,0.63,NA,29527941,186
2016-06-11,Texas,-0.25080316800478286,0.4,NA,29527941,118
2016-06-18,Texas,-0.4927474988575383,0.21,NA,29527941,62
2016-06-25,Texas,0.35778312778610133,1,NA,29527941,295
2016-07-02,Texas,-0.565653702719786,0.16,NA,29527941,47
2016-07-09,Texas,-0.5906196721528979,0.14,NA,29527941,41
2016-07-16,Texas,-0.7170964164923695,0.06,NA,29527941,18
2016-07-23,Texas,-0.9796737430766239,0,NA,29527941,0
2016-07-30,Texas,-0.8114020339971666,0,NA,29527941,0
2016-08-06,Texas,-1.3117433595999686,0,NA,29527941,0
2016-08-13,Texas,-1.2555762052458954,0,NA,29527941,0
2016-08-20,Texas,-1.0689052644551338,0,NA,29527941,0
2016-08-27,Texas,-1.032225926607975,0,NA,29527941,0
2016-09-03,Texas,-0.5697898733786388,0.16,NA,29527941,47
2016-09-10,Texas,-0.2617173985597443,0.39,NA,29527941,115
2016-09-17,Texas,-0.2182334920713081,0.42,NA,29527941,124
2016-09-24,Texas,-0.13951279759192337,0.49,NA,29527941,145
2016-10-01,Texas,-0.9082161275681487,0,NA,29527941,0
2016-10-08,Texas,-0.7634002697691789,0.03,NA,29527941,9
2016-10-15,Texas,-0.512721615203174,0.2,NA,29527941,59
2016-10-22,Texas,-0.2983324520267069,0.36,NA,29527941,106
2016-10-29,Texas,-0.20024095940914813,0.44,NA,29527941,130
2016-11-05,Texas,-0.1501858649679473,0.48,NA,29527941,142
2016-11-12,Texas,-0.2326782805721606,0.41,NA,29527941,121
2016-11-19,Texas,0.7080204078759302,1.47,NA,29527941,434
2016-11-26,Texas,0.8311323322173148,1.65,NA,29527941,487
2016-12-03,Texas,0.9242866747894705,1.8,NA,29527941,532
2016-12-10,Texas,1.6065821197414203,3.2,NA,29527941,945
2016-12-17,Texas,2.421668465788166,5.82,NA,29527941,1719
2016-12-24,Texas,1.3906689323916608,2.7,NA,29527941,797
2016-12-31,Texas,2.1768148846655686,4.9,NA,29527941,1447
2017-01-07,Texas,1.6462169482677855,3.3,NA,29527941,974
2017-01-14,Texas,1.7839105443724292,3.67,NA,29527941,1084
2017-01-21,Texas,1.2952769170800793,2.5,NA,29527941,738
2017-01-28,Texas,1.153767490764501,2.21,NA,29527941,653
2017-02-04,Texas,1.038242215363922,2,NA,29527941,591
2017-02-11,Texas,0.9460930592204447,1.84,NA,29527941,543
2017-02-18,Texas,0.8767582183445509,1.73,NA,29527941,511
2017-02-25,Texas,0.6767012777557734,1.42,NA,29527941,419
2017-03-04,Texas,0.7446874724904469,1.52,NA,29527941,449
2017-03-11,Texas,0.73082239854646,1.5,NA,29527941,443
2017-03-18,Texas,0.5574102103197615,1.26,NA,29527941,372
2017-03-25,Texas,0.4378198864920422,1.1,NA,29527941,325
2017-04-01,Texas,0.3540323936900597,1,NA,29527941,295
2017-04-08,Texas,0.10758380684146969,0.73,NA,29527941,216
2017-04-15,Texas,0.15731068461017067,0.78,NA,29527941,230
2017-04-22,Texas,-0.8311323322173148,0,NA,29527941,0
2017-04-29,Texas,0.1288555995522333,0.75,NA,29527941,221
2017-05-06,Texas,-0.10050448768163837,0.53,NA,29527941,156
2017-05-13,Texas,-0.1608760686327236,0.47,NA,29527941,139
2017-05-20,Texas,-0.1040434954691686,0.52,NA,29527941,154
2017-05-27,Texas,-0.32049185258896573,0.34,NA,29527941,100
2017-06-03,Texas,0.0757641458485695,0.69,NA,29527941,204
2017-06-10,Texas,-0.73082239854646,0.05,NA,29527941,15
2017-06-17,Texas,-0.7354283659419696,0.05,NA,29527941,15
2017-06-24,Texas,-1.1201720561440656,0,NA,29527941,0
2017-07-01,Texas,-0.9460930592204447,0,NA,29527941,0
2017-07-08,Texas,-1.5341205443525459,0,NA,29527941,0
2017-07-15,Texas,-1.4485191647904894,0,NA,29527941,0
2017-07-22,Texas,-1.4899554313775896,0,NA,29527941,0
2017-07-29,Texas,-1.8988494776865519,0,NA,29527941,0
2017-08-05,Texas,-1.766886782558903,0,NA,29527941,0
2017-08-12,Texas,-1.718671758097171,0,NA,29527941,0
2017-08-19,Texas,-0.935134282121209,0,NA,29527941,0
2017-08-26,Texas,-1.7342983024263108,0,NA,29527941,0
2017-09-02,Texas,-1.0565208131829487,0,NA,29527941,0
2017-09-09,Texas,-0.469034545154502,0.23,NA,29527941,68
2017-09-16,Texas,-0.6373814558542171,0.11,NA,29527941,32
2017-09-23,Texas,-0.39177466091131363,0.28,NA,29527941,83
2017-09-30,Texas,-0.2946537113403222,0.36,NA,29527941,106
2017-10-07,Texas,0.3502866335373415,0.99,NA,29527941,292
2017-10-14,Texas,0.49672637226854577,1.18,NA,29527941,348
2017-10-21,Texas,0.5615271866695594,1.26,NA,29527941,372
2017-10-28,Texas,0.6202209058841465,1.34,NA,29527941,396
2017-11-04,Texas,0.5167408459000651,1.2,NA,29527941,354
2017-11-11,Texas,0.6244937543378578,1.35,NA,29527941,399
2017-11-18,Texas,0.6591001479579223,1.4,NA,29527941,413
2017-11-25,Texas,0.8923767827402054,1.75,NA,29527941,517
2017-12-02,Texas,0.777612053796781,1.57,NA,29527941,464
2017-12-09,Texas,0.7919826608042659,1.59,NA,29527941,469
2017-12-16,Texas,0.8361155741218285,1.66,NA,29527941,490
2017-12-23,Texas,0.9683588792733675,1.88,NA,29527941,555
2017-12-30,Texas,1.0565208131829493,2.03,NA,29527941,599
2018-01-06,Texas,0.8411196660668033,1.67,NA,29527941,493
2018-01-13,Texas,0.7262318835822178,1.49,NA,29527941,440
2018-01-20,Texas,0.7586972073277115,1.54,NA,29527941,455
2018-01-27,Texas,0.9351342821212086,1.82,NA,29527941,537
2018-02-03,Texas,0.9135467531518872,1.79,NA,29527941,529
2018-02-10,Texas,1.032225926607975,1.99,NA,29527941,588
2018-02-17,Texas,1.1745656332343428,2.25,NA,29527941,664
2018-02-24,Texas,0.7823842892623102,1.58,NA,29527941,467
2018-03-03,Texas,0.8613506564975115,1.7,NA,29527941,502
2018-03-10,Texas,0.6855807434045469,1.43,NA,29527941,422
2018-03-17,Texas,0.5990233655760754,1.31,NA,29527941,387
2018-03-24,Texas,0.5047078524725944,1.19,NA,29527941,351
2018-03-31,Texas,0.3955788661910281,1.05,NA,29527941,310
2018-04-07,Texas,0.20742986957102957,0.83,NA,29527941,245
2018-04-14,Texas,0.407026174573504,1.06,NA,29527941,313
2018-04-21,Texas,0.5451153918405778,1.24,NA,29527941,366
2018-04-28,Texas,0.29465371134032203,0.93,NA,29527941,275
2018-05-05,Texas,0.1608760686327238,0.78,NA,29527941,230
2018-05-12,Texas,-0.1644434988861955,0.47,NA,29527941,139
2018-05-19,Texas,-0.125306509616997,0.5,NA,29527941,148
2018-05-26,Texas,0.19306238304546863,0.82,NA,29527941,242
2018-06-02,Texas,-0.044021030187695834,0.58,NA,29527941,171
2018-06-09,Texas,-0.5007131251770899,0.2,NA,29527941,59
2018-06-16,Texas,-0.3879761169696884,0.29,NA,29527941,86
2018-06-23,Texas,-0.6287780348842577,0.12,NA,29527941,35
2018-06-30,Texas,-0.650375903803657,0.1,NA,29527941,30
2018-07-07,Texas,-0.8461449096280018,0,NA,29527941,0
2018-07-14,Texas,-1.0143972029707906,0,NA,29527941,0
2018-07-21,Texas,-1.2402372875033798,0,NA,29527941,0
2018-07-28,Texas,-0.9853784677505342,0,NA,29527941,0
2018-08-04,Texas,-1.5007239867889808,0,NA,29527941,0
2018-08-11,Texas,-1.4385399917468649,0,NA,29527941,0
2018-08-18,Texas,-1.4287020525024334,0,NA,29527941,0
2018-08-25,Texas,-0.7216566216213196,0.06,NA,29527941,18
2018-09-01,Texas,0.2326782805721606,0.86,NA,29527941,254
2018-09-08,Texas,0.2799780020786463,0.91,NA,29527941,269
2018-09-15,Texas,0.08989483385689946,0.71,NA,29527941,210
2018-09-22,Texas,0.05459556242786477,0.67,NA,29527941,198
2018-09-29,Texas,0.16444349888619536,0.79,NA,29527941,233
2018-10-06,Texas,-0.4108537530670621,0.27,NA,29527941,80
2018-10-13,Texas,-0.5288491308940204,0.18,NA,29527941,53
2018-10-20,Texas,-0.6460323162118116,0.1,NA,29527941,30
2018-10-27,Texas,-0.43781988649204207,0.25,NA,29527941,74
2018-11-03,Texas,-0.48085722249843355,0.22,NA,29527941,65
2018-11-10,Texas,-0.41852707156918956,0.26,NA,29527941,77
2018-11-17,Texas,-0.2218403049919378,0.42,NA,29527941,124
2018-11-24,Texas,0.07929528966494055,0.7,NA,29527941,207
2018-12-01,Texas,-0.029929102872410046,0.59,NA,29527941,174
2018-12-08,Texas,0.3020152345358011,0.94,NA,29527941,278
2018-12-15,Texas,0.48481301625092266,1.16,NA,29527941,343
2018-12-22,Texas,0.7035042276586174,1.46,NA,29527941,431
2018-12-29,Texas,0.7540108667979344,1.53,NA,29527941,452
2019-01-05,Texas,0.7354283659419696,1.51,NA,29527941,446
2019-01-12,Texas,0.9516152692061619,1.85,NA,29527941,546
2019-01-19,Texas,1.014397202970791,1.96,NA,29527941,579
2019-01-26,Texas,1.1469446574861177,2.2,NA,29527941,650
2019-02-02,Texas,1.5341205443525459,3.03,NA,29527941,895
2019-02-09,Texas,1.9206544880975787,4.07,NA,29527941,1202
2019-02-16,Texas,1.6886207331553054,3.41,NA,29527941,1007
2019-02-23,Texas,1.6327190932743472,3.27,NA,29527941,966
2019-03-02,Texas,1.3545474126241346,2.62,NA,29527941,774
2019-03-09,Texas,1.303465960111718,2.51,NA,29527941,741
2019-03-16,Texas,1.0941791717084646,2.1,NA,29527941,620
2019-03-23,Texas,0.7871744098297047,1.59,NA,29527941,469
2019-03-30,Texas,0.6811342975607452,1.43,NA,29527941,422
2019-04-06,Texas,0.524804502652308,1.21,NA,29527941,357
2019-04-13,Texas,0.4887764111146694,1.17,NA,29527941,345
2019-04-20,Texas,0.465108257940654,1.14,NA,29527941,337
2019-04-27,Texas,0.1751585460326898,0.8,NA,29527941,236
2019-05-04,Texas,0.09343020196299343,0.71,NA,29527941,210
2019-05-11,Texas,-0.7728574624917578,0.02,NA,29527941,6
2019-05-18,Texas,-0.16801302317466704,0.47,NA,29527941,139
2019-05-25,Texas,-0.3353520284393149,0.33,NA,29527941,97
2019-06-01,Texas,-0.6900407853075594,0.08,NA,29527941,24
2019-06-08,Texas,-0.6945145959381476,0.07,NA,29527941,21
2019-06-15,Texas,-0.9627476907074437,0,NA,29527941,0
2019-06-22,Texas,-1.0941791717084646,0,NA,29527941,0
2019-06-29,Texas,-1.0626926650085537,0,NA,29527941,0
2019-07-06,Texas,-1.2952769170800793,0,NA,29527941,0
2019-07-13,Texas,-1.5939150808416078,0,NA,29527941,0
2019-07-20,Texas,-1.3814689076113988,0,NA,29527941,0
2019-07-27,Texas,-1.3906689323916608,0,NA,29527941,0
2019-08-03,Texas,-1.5116694366854722,0,NA,29527941,0
2019-08-10,Texas,-1.9672247718262363,0,NA,29527941,0
2019-08-17,Texas,-1.8195981428086454,0,NA,29527941,0
2019-08-24,Texas,-0.6074695781517273,0.13,NA,29527941,38
2019-08-31,Texas,-0.594816267952772,0.14,NA,29527941,41
2019-09-07,Texas,-0.46510825794065386,0.23,NA,29527941,68
2019-09-14,Texas,-0.5574102103197615,0.16,NA,29527941,47
2019-09-21,Texas,-0.7080204078759305,0.06,NA,29527941,18
2019-09-28,Texas,-0.5207684415499264,0.19,NA,29527941,56
2019-10-05,Texas,-0.3167879681748787,0.34,NA,29527941,100
2019-10-12,Texas,-0.24717178416833702,0.4,NA,29527941,118
2019-10-19,Texas,-0.3428097732249494,0.32,NA,29527941,94
2019-10-26,Texas,-0.13595869717071105,0.49,NA,29527941,145
2019-11-02,Texas,0.3993888049292455,1.05,NA,29527941,310
2019-11-09,Texas,0.5739358150242418,1.28,NA,29527941,378
2019-11-16,Texas,0.7728574624917576,1.56,NA,29527941,461
2019-11-23,Texas,0.8016545576919326,1.61,NA,29527941,475
2019-11-30,Texas,0.9853784677505342,1.91,NA,29527941,564
2019-12-07,Texas,1.0814558670746535,2.08,NA,29527941,614
2019-12-14,Texas,1.718671758097171,3.49,NA,29527941,1031
2019-12-21,Texas,2.5817014042568878,6.5,NA,29527941,1919
2019-12-28,Texas,2.046264676403174,4.46,NA,29527941,1317
2020-01-04,Texas,2.2591122313351195,5.19,NA,29527941,1533
2020-01-11,Texas,2.3067741198319376,5.37,NA,29527941,1586
2020-01-18,Texas,2.4937416936480825,6.12,NA,29527941,1807
2020-01-25,Texas,2.8617204885051297,7.86,NA,29527941,2321
2020-02-01,Texas,2.6957767314728818,7.03,NA,29527941,2076
2020-02-08,Texas,2.3603352370128565,5.58,NA,29527941,1648
2020-02-15,Texas,2.018498926609377,4.37,NA,29527941,1290
2020-02-22,Texas,1.522799045886544,3,NA,29527941,886
2020-02-29,Texas,1.1334568023743412,2.18,NA,29527941,644
2020-03-07,Texas,0.8976315323263079,1.76,NA,29527941,520
2020-03-14,Texas,0.5948162679527721,1.31,NA,29527941,387
2020-03-21,Texas,0.3093931612473546,0.95,NA,29527941,281
2020-03-28,Texas,0.5329024291720184,1.22,NA,29527941,360
2020-04-04,Texas,0.2544378621958054,0.88,NA,29527941,260
2020-04-11,Texas,-0.068704647094082,0.56,NA,29527941,165
2020-04-18,Texas,-0.0510700983842303,0.57,NA,29527941,168
2020-04-25,Texas,-0.17515854603268965,0.46,NA,29527941,136
2020-05-02,Texas,-0.15374729920068814,0.48,NA,29527941,142
2020-05-09,Texas,-0.3057021178188516,0.35,NA,29527941,103
2020-05-16,Texas,-0.8016545576919326,0.01,NA,29527941,3
2020-05-23,Texas,-0.5329024291720184,0.18,NA,29527941,53
2020-05-30,Texas,-0.7919826608042659,0.01,NA,29527941,3
2020-06-06,Texas,-0.9571666521074707,0,NA,29527941,0
2020-06-13,Texas,-0.9242866747894705,0,NA,29527941,0
2020-06-20,Texas,-1.3999881937632184,0,NA,29527941,0
2020-06-27,Texas,-0.7586972073277115,0.03,NA,29527941,9
2020-07-04,Texas,-1.5227990458865444,0,NA,29527941,0
2020-07-11,Texas,-1.3457883410219882,0,NA,29527941,0
2020-07-18,Texas,-1.920654488097578,0,NA,29527941,0
2020-07-25,Texas,-2.075703864479098,0,NA,29527941,0
2020-08-01,Texas,-1.943412881247174,0,NA,29527941,0
2020-08-08,Texas,-1.409430654034174,0,NA,29527941,0
2020-08-15,Texas,-2.17681488466557,0,NA,29527941,0
2020-08-22,Texas,-1.2791543813131907,0,NA,29527941,0
2020-08-29,Texas,-1.6195123164425065,0,NA,29527941,0
2020-09-05,Texas,-0.5410354536163463,0.18,NA,29527941,53
2020-09-12,Texas,-0.3540323936900597,0.31,NA,29527941,92
2020-09-19,Texas,-0.6159593510771868,0.12,NA,29527941,35
2020-09-26,Texas,-0.2909789539379654,0.36,NA,29527941,106
2020-10-03,Texas,0.05812170516684939,0.68,NA,29527941,201
2020-10-10,Texas,-0.36153890195946,0.31,NA,29527941,92
2020-10-17,Texas,-0.27266289526850207,0.38,NA,29527941,112
2020-10-24,Texas,0.11466852193067038,0.73,NA,29527941,216
2020-10-31,Texas,0.2362969581105479,0.86,NA,29527941,254
2020-11-07,Texas,0.3390785434675724,0.98,NA,29527941,289
2020-11-14,Texas,0.45727706832142617,1.13,NA,29527941,334
2020-11-21,Texas,0.5697898733786387,1.27,NA,29527941,375
2020-11-28,Texas,0.5492044242664114,1.24,NA,29527941,366
2020-12-05,Texas,0.5410354536163462,1.23,NA,29527941,363
2020-12-12,Texas,0.7170964164923695,1.48,NA,29527941,437
2020-12-19,Texas,0.9296968036668973,1.81,NA,29527941,534
2020-12-26,Texas,1.188718236810937,2.28,NA,29527941,673
2021-01-02,Texas,0.9627476907074437,1.87,NA,29527941,552
2021-01-09,Texas,0.8261696445985328,1.65,NA,29527941,487
2021-01-16,Texas,1.0203040784800512,1.97,NA,29527941,582
2021-01-23,Texas,1.2791543813131914,2.46,NA,29527941,726
2021-01-30,Texas,1.5693215486559065,3.11,NA,29527941,918
2021-02-06,Texas,1.8779116058994656,3.94,NA,29527941,1163
2021-02-13,Texas,1.8988494776865514,4,NA,29527941,1181
2021-02-20,Texas,1.7034539647548315,3.45,NA,29527941,1019
2021-02-27,Texas,1.7342983024263112,3.54,NA,29527941,1045
2021-03-06,Texas,1.5939150808416078,3.17,NA,29527941,936
2021-03-13,Texas,1.4190004790362156,2.76,NA,29527941,815
2021-03-20,Texas,1.075159396147626,2.07,NA,29527941,611
2021-03-27,Texas,0.9189034649586079,1.8,NA,29527941,532
2021-04-03,Texas,0.7681202786612121,1.56,NA,29527941,461
2021-04-10,Texas,0.6417008831106451,1.37,NA,29527941,405
2021-04-17,Texas,0.4927474988575386,1.17,NA,29527941,345
2021-04-24,Texas,0.15018586496794745,0.77,NA,29527941,227
2021-05-01,Texas,0.05107009838423016,0.67,NA,29527941,198
2021-05-08,Texas,-0.008801476958388529,0.61,NA,29527941,180
2021-05-15,Texas,-0.01232222047468698,0.61,NA,29527941,180
2021-05-22,Texas,0.25080316800478303,0.88,NA,29527941,260
2021-05-29,Texas,-0.24354365686145932,0.4,NA,29527941,118
2021-06-05,Texas,-0.2763186004144638,0.38,NA,29527941,112
2021-06-12,Texas,-0.21102832542615,0.43,NA,29527941,127
2021-06-19,Texas,-0.5047078524725944,0.2,NA,29527941,59
2021-06-26,Texas,-0.5533026602033638,0.17,NA,29527941,50
