region_type,region,year,week,weighted_ili,unweighted_ili,age_0_4,age_25_49,age_25_64,age_5_24,age_50_64,age_65,ilitotal,num_of_providers,total_patients,week_start
States,Alabama,2022,32,NA,1.4935,NA,NA,NA,NA,NA,NA,790,102,52896,2022-08-07
States,Alaska,2022,32,NA,1.13527,NA,NA,NA,NA,NA,NA,47,12,4140,2022-08-07
States,Arizona,2022,32,NA,0.769464,NA,NA,NA,NA,NA,NA,76,27,9877,2022-08-07
States,Arkansas,2022,32,NA,0.885087,NA,NA,NA,NA,NA,NA,119,41,13445,2022-08-07
States,California,2022,32,NA,1.33549,NA,NA,NA,NA,NA,NA,1534,143,114864,2022-08-07
States,Colorado,2022,32,NA,0.909476,NA,NA,NA,NA,NA,NA,408,78,44861,2022-08-07
States,Connecticut,2022,32,NA,1.19152,NA,NA,NA,NA,NA,NA,528,64,44313,2022-08-07
States,Delaware,2022,32,NA,0.7287,NA,NA,NA,NA,NA,NA,65,14,8920,2022-08-07
States,District of Columbia,2022,32,NA,3.84816,NA,NA,NA,NA,NA,NA,221,4,5743,2022-08-07
States,Florida,2022,32,NA,2.51634,NA,NA,NA,NA,NA,NA,5884,349,233832,2022-08-07
States,Georgia,2022,32,NA,3.00858,NA,NA,NA,NA,NA,NA,2539,105,84392,2022-08-07
States,Hawaii,2022,32,NA,1.62338,NA,NA,NA,NA,NA,NA,45,19,2772,2022-08-07
States,Idaho,2022,32,NA,0.519739,NA,NA,NA,NA,NA,NA,47,29,9043,2022-08-07
States,Illinois,2022,32,NA,1.53029,NA,NA,NA,NA,NA,NA,1066,170,69660,2022-08-07
States,Indiana,2022,32,NA,1.81067,NA,NA,NA,NA,NA,NA,171,54,9444,2022-08-07
States,Iowa,2022,32,NA,0.790931,NA,NA,NA,NA,NA,NA,30,14,3793,2022-08-07
States,Kansas,2022,32,NA,1.01743,NA,NA,NA,NA,NA,NA,94,13,9239,2022-08-07
States,Kentucky,2022,32,NA,1.19143,NA,NA,NA,NA,NA,NA,418,67,35084,2022-08-07
States,Louisiana,2022,32,NA,1.10149,NA,NA,NA,NA,NA,NA,463,86,42034,2022-08-07
States,Maine,2022,32,NA,0.63058,NA,NA,NA,NA,NA,NA,101,46,16017,2022-08-07
States,Maryland,2022,32,NA,1.47965,NA,NA,NA,NA,NA,NA,627,56,42375,2022-08-07
States,Massachusetts,2022,32,NA,0.800972,NA,NA,NA,NA,NA,NA,554,74,69166,2022-08-07
States,Michigan,2022,32,NA,0.64088,NA,NA,NA,NA,NA,NA,563,150,87848,2022-08-07
States,Minnesota,2022,32,NA,0.720809,NA,NA,NA,NA,NA,NA,221,69,30660,2022-08-07
States,Mississippi,2022,32,NA,2.06763,NA,NA,NA,NA,NA,NA,266,31,12865,2022-08-07
States,Missouri,2022,32,NA,0.873881,NA,NA,NA,NA,NA,NA,243,41,27807,2022-08-07
States,Montana,2022,32,NA,0.722067,NA,NA,NA,NA,NA,NA,57,28,7894,2022-08-07
States,Nebraska,2022,32,NA,1.40589,NA,NA,NA,NA,NA,NA,201,70,14297,2022-08-07
States,Nevada,2022,32,NA,1.1935500000000001,NA,NA,NA,NA,NA,NA,125,23,10473,2022-08-07
States,New Hampshire,2022,32,NA,0,NA,NA,NA,NA,NA,NA,0,9,649,2022-08-07
States,New Jersey,2022,32,NA,2.73611,NA,NA,NA,NA,NA,NA,799,32,29202,2022-08-07
States,New Mexico,2022,32,NA,2.71012,NA,NA,NA,NA,NA,NA,583,35,21512,2022-08-07
States,New York,2022,32,NA,1.59385,NA,NA,NA,NA,NA,NA,827,116,51887,2022-08-07
States,North Carolina,2022,32,NA,1.11764,NA,NA,NA,NA,NA,NA,986,128,88222,2022-08-07
States,North Dakota,2022,32,NA,0.81448,NA,NA,NA,NA,NA,NA,27,9,3315,2022-08-07
States,Ohio,2022,32,NA,1.88539,NA,NA,NA,NA,NA,NA,759,77,40257,2022-08-07
States,Oklahoma,2022,32,NA,0.631048,NA,NA,NA,NA,NA,NA,105,34,16639,2022-08-07
States,Oregon,2022,32,NA,0.638602,NA,NA,NA,NA,NA,NA,255,88,39931,2022-08-07
States,Pennsylvania,2022,32,NA,0.776915,NA,NA,NA,NA,NA,NA,511,95,65773,2022-08-07
States,Rhode Island,2022,32,NA,0.401296,NA,NA,NA,NA,NA,NA,52,26,12958,2022-08-07
States,South Carolina,2022,32,NA,1.18263,NA,NA,NA,NA,NA,NA,348,40,29426,2022-08-07
States,South Dakota,2022,32,NA,0.310387,NA,NA,NA,NA,NA,NA,28,30,9021,2022-08-07
States,Tennessee,2022,32,NA,1.50638,NA,NA,NA,NA,NA,NA,484,48,32130,2022-08-07
States,Texas,2022,32,NA,1.83804,NA,NA,NA,NA,NA,NA,892,53,48530,2022-08-07
States,Utah,2022,32,NA,1.38504,NA,NA,NA,NA,NA,NA,240,43,17328,2022-08-07
States,Vermont,2022,32,NA,0.27653,NA,NA,NA,NA,NA,NA,8,8,2893,2022-08-07
States,Virginia,2022,32,NA,1.92075,NA,NA,NA,NA,NA,NA,2094,168,109020,2022-08-07
States,Washington,2022,32,NA,0.891518,NA,NA,NA,NA,NA,NA,315,66,35333,2022-08-07
States,West Virginia,2022,32,NA,0.577446,NA,NA,NA,NA,NA,NA,51,27,8832,2022-08-07
States,Wisconsin,2022,32,NA,0.597372,NA,NA,NA,NA,NA,NA,125,34,20925,2022-08-07
States,Wyoming,2022,32,NA,1.03093,NA,NA,NA,NA,NA,NA,22,9,2134,2022-08-07
States,Commonwealth of the Northern Mariana Islands,2022,32,NA,NA,NA,NA,NA,NA,NA,NA,NA,NA,NA,2022-08-07
States,Puerto Rico,2022,32,NA,7.27334,NA,NA,NA,NA,NA,NA,215,9,2956,2022-08-07
States,Virgin Islands,2022,32,NA,1.74419,NA,NA,NA,NA,NA,NA,15,3,860,2022-08-07
States,New York City,2022,32,NA,1.75026,NA,NA,NA,NA,NA,NA,1377,26,78674,2022-08-07
States,Alabama,2022,33,NA,1.69216,NA,NA,NA,NA,NA,NA,979,104,57855,2022-08-14
States,Alaska,2022,33,NA,1.12469,NA,NA,NA,NA,NA,NA,46,12,4090,2022-08-14
States,Arizona,2022,33,NA,1.0164,NA,NA,NA,NA,NA,NA,106,28,10429,2022-08-14
States,Arkansas,2022,33,NA,0.899165,NA,NA,NA,NA,NA,NA,126,42,14013,2022-08-14
States,California,2022,33,NA,1.37727,NA,NA,NA,NA,NA,NA,1623,143,117842,2022-08-14
States,Colorado,2022,33,NA,0.996685,NA,NA,NA,NA,NA,NA,439,78,44046,2022-08-14
States,Connecticut,2022,33,NA,1.1457,NA,NA,NA,NA,NA,NA,492,64,42943,2022-08-14
States,Delaware,2022,33,NA,0.572372,NA,NA,NA,NA,NA,NA,52,14,9085,2022-08-14
States,District of Columbia,2022,33,NA,3.6876,NA,NA,NA,NA,NA,NA,212,4,5749,2022-08-14
States,Florida,2022,33,NA,2.6449,NA,NA,NA,NA,NA,NA,6292,349,237892,2022-08-14
States,Georgia,2022,33,NA,3.88255,NA,NA,NA,NA,NA,NA,3323,104,85588,2022-08-14
States,Hawaii,2022,33,NA,2.23691,NA,NA,NA,NA,NA,NA,44,14,1967,2022-08-14
States,Idaho,2022,33,NA,0.4884,NA,NA,NA,NA,NA,NA,44,30,9009,2022-08-14
States,Illinois,2022,33,NA,1.43859,NA,NA,NA,NA,NA,NA,974,167,67705,2022-08-14
States,Indiana,2022,33,NA,1.50514,NA,NA,NA,NA,NA,NA,877,99,58267,2022-08-14
States,Iowa,2022,33,NA,0.60241,NA,NA,NA,NA,NA,NA,27,15,4482,2022-08-14
States,Kansas,2022,33,NA,0.923043,NA,NA,NA,NA,NA,NA,83,12,8992,2022-08-14
States,Kentucky,2022,33,NA,1.69039,NA,NA,NA,NA,NA,NA,608,68,35968,2022-08-14
States,Louisiana,2022,33,NA,1.215,NA,NA,NA,NA,NA,NA,542,86,44609,2022-08-14
States,Maine,2022,33,NA,0.733091,NA,NA,NA,NA,NA,NA,115,46,15687,2022-08-14
States,Maryland,2022,33,NA,1.47108,NA,NA,NA,NA,NA,NA,615,57,41806,2022-08-14
States,Massachusetts,2022,33,NA,0.816388,NA,NA,NA,NA,NA,NA,544,72,66635,2022-08-14
States,Michigan,2022,33,NA,0.61893,NA,NA,NA,NA,NA,NA,543,152,87732,2022-08-14
States,Minnesota,2022,33,NA,0.661189,NA,NA,NA,NA,NA,NA,202,69,30551,2022-08-14
States,Mississippi,2022,33,NA,2.63236,NA,NA,NA,NA,NA,NA,357,31,13562,2022-08-14
States,Missouri,2022,33,NA,0.922782,NA,NA,NA,NA,NA,NA,250,41,27092,2022-08-14
States,Montana,2022,33,NA,0.62079,NA,NA,NA,NA,NA,NA,47,28,7571,2022-08-14
States,Nebraska,2022,33,NA,1.85095,NA,NA,NA,NA,NA,NA,266,70,14371,2022-08-14
States,Nevada,2022,33,NA,1.40135,NA,NA,NA,NA,NA,NA,139,22,9919,2022-08-14
States,New Hampshire,2022,33,NA,0,NA,NA,NA,NA,NA,NA,0,10,1023,2022-08-14
States,New Jersey,2022,33,NA,2.31727,NA,NA,NA,NA,NA,NA,661,33,28525,2022-08-14
States,New Mexico,2022,33,NA,3.35819,NA,NA,NA,NA,NA,NA,752,34,22393,2022-08-14
States,New York,2022,33,NA,1.25233,NA,NA,NA,NA,NA,NA,637,116,50865,2022-08-14
States,North Carolina,2022,33,NA,1.17069,NA,NA,NA,NA,NA,NA,1020,126,87128,2022-08-14
States,North Dakota,2022,33,NA,0.936768,NA,NA,NA,NA,NA,NA,32,9,3416,2022-08-14
States,Ohio,2022,33,NA,2.01061,NA,NA,NA,NA,NA,NA,792,75,39391,2022-08-14
States,Oklahoma,2022,33,NA,0.798659,NA,NA,NA,NA,NA,NA,162,29,20284,2022-08-14
States,Oregon,2022,33,NA,0.646257,NA,NA,NA,NA,NA,NA,255,89,39458,2022-08-14
States,Pennsylvania,2022,33,NA,0.715528,NA,NA,NA,NA,NA,NA,465,95,64987,2022-08-14
States,Rhode Island,2022,33,NA,0.341838,NA,NA,NA,NA,NA,NA,41,24,11994,2022-08-14
States,South Carolina,2022,33,NA,1.05199,NA,NA,NA,NA,NA,NA,310,39,29468,2022-08-14
States,South Dakota,2022,33,NA,0.539926,NA,NA,NA,NA,NA,NA,57,32,10557,2022-08-14
States,Tennessee,2022,33,NA,1.74401,NA,NA,NA,NA,NA,NA,637,102,36525,2022-08-14
States,Texas,2022,33,NA,2.23971,NA,NA,NA,NA,NA,NA,1130,52,50453,2022-08-14
States,Utah,2022,33,NA,1.47126,NA,NA,NA,NA,NA,NA,256,43,17400,2022-08-14
States,Vermont,2022,33,NA,0.497678,NA,NA,NA,NA,NA,NA,15,11,3014,2022-08-14
States,Virginia,2022,33,NA,2.04899,NA,NA,NA,NA,NA,NA,2215,168,108102,2022-08-14
States,Washington,2022,33,NA,0.909929,NA,NA,NA,NA,NA,NA,316,66,34728,2022-08-14
States,West Virginia,2022,33,NA,0.912734,NA,NA,NA,NA,NA,NA,82,29,8984,2022-08-14
States,Wisconsin,2022,33,NA,0.568851,NA,NA,NA,NA,NA,NA,116,34,20392,2022-08-14
States,Wyoming,2022,33,NA,0.505598,NA,NA,NA,NA,NA,NA,14,11,2769,2022-08-14
States,Commonwealth of the Northern Mariana Islands,2022,33,NA,NA,NA,NA,NA,NA,NA,NA,NA,NA,NA,2022-08-14
States,Puerto Rico,2022,33,NA,7.12531,NA,NA,NA,NA,NA,NA,232,10,3256,2022-08-14
States,Virgin Islands,2022,33,NA,0.514139,NA,NA,NA,NA,NA,NA,8,4,1556,2022-08-14
States,New York City,2022,33,NA,1.81204,NA,NA,NA,NA,NA,NA,1384,25,76378,2022-08-14
States,Alabama,2022,34,NA,2.21621,NA,NA,NA,NA,NA,NA,1277,104,57621,2022-08-21
States,Alaska,2022,34,NA,1.55988,NA,NA,NA,NA,NA,NA,65,12,4167,2022-08-21
States,Arizona,2022,34,NA,0.911635,NA,NA,NA,NA,NA,NA,101,27,11079,2022-08-21
States,Arkansas,2022,34,NA,1.26768,NA,NA,NA,NA,NA,NA,181,43,14278,2022-08-21
States,California,2022,34,NA,1.62306,NA,NA,NA,NA,NA,NA,1949,140,120082,2022-08-21
States,Colorado,2022,34,NA,1.77254,NA,NA,NA,NA,NA,NA,831,78,46882,2022-08-21
States,Connecticut,2022,34,NA,1.1417,NA,NA,NA,NA,NA,NA,496,64,43444,2022-08-21
States,Delaware,2022,34,NA,0.720555,NA,NA,NA,NA,NA,NA,55,9,7633,2022-08-21
States,District of Columbia,2022,34,NA,3.42127,NA,NA,NA,NA,NA,NA,166,4,4852,2022-08-21
States,Florida,2022,34,NA,3.07322,NA,NA,NA,NA,NA,NA,7530,348,245020,2022-08-21
States,Georgia,2022,34,NA,3.78983,NA,NA,NA,NA,NA,NA,3305,104,87207,2022-08-21
States,Hawaii,2022,34,NA,1.57679,NA,NA,NA,NA,NA,NA,50,20,3171,2022-08-21
States,Idaho,2022,34,NA,0.831328,NA,NA,NA,NA,NA,NA,76,30,9142,2022-08-21
States,Illinois,2022,34,NA,1.74856,NA,NA,NA,NA,NA,NA,1290,172,73775,2022-08-21
States,Indiana,2022,34,NA,1.53101,NA,NA,NA,NA,NA,NA,910,99,59438,2022-08-21
States,Iowa,2022,34,NA,0.431373,NA,NA,NA,NA,NA,NA,22,15,5100,2022-08-21
States,Kansas,2022,34,NA,1.10283,NA,NA,NA,NA,NA,NA,111,13,10065,2022-08-21
States,Kentucky,2022,34,NA,1.79412,NA,NA,NA,NA,NA,NA,671,69,37400,2022-08-21
States,Louisiana,2022,34,NA,1.626,NA,NA,NA,NA,NA,NA,733,86,45080,2022-08-21
States,Maine,2022,34,NA,0.678934,NA,NA,NA,NA,NA,NA,107,46,15760,2022-08-21
States,Maryland,2022,34,NA,1.3576,NA,NA,NA,NA,NA,NA,552,57,40660,2022-08-21
States,Massachusetts,2022,34,NA,0.819348,NA,NA,NA,NA,NA,NA,559,74,68225,2022-08-21
States,Michigan,2022,34,NA,0.594469,NA,NA,NA,NA,NA,NA,520,152,87473,2022-08-21
States,Minnesota,2022,34,NA,0.670766,NA,NA,NA,NA,NA,NA,216,70,32202,2022-08-21
States,Mississippi,2022,34,NA,3.46884,NA,NA,NA,NA,NA,NA,477,30,13751,2022-08-21
States,Missouri,2022,34,NA,0.889324,NA,NA,NA,NA,NA,NA,245,41,27549,2022-08-21
States,Montana,2022,34,NA,0.597177,NA,NA,NA,NA,NA,NA,44,28,7368,2022-08-21
States,Nebraska,2022,34,NA,1.98053,NA,NA,NA,NA,NA,NA,299,70,15097,2022-08-21
States,Nevada,2022,34,NA,1.30581,NA,NA,NA,NA,NA,NA,136,23,10415,2022-08-21
States,New Hampshire,2022,34,NA,0.101729,NA,NA,NA,NA,NA,NA,1,9,983,2022-08-21
States,New Jersey,2022,34,NA,2.31387,NA,NA,NA,NA,NA,NA,671,34,28999,2022-08-21
States,New Mexico,2022,34,NA,3.91879,NA,NA,NA,NA,NA,NA,940,36,23987,2022-08-21
States,New York,2022,34,NA,1.46255,NA,NA,NA,NA,NA,NA,562,117,38426,2022-08-21
States,North Carolina,2022,34,NA,1.14962,NA,NA,NA,NA,NA,NA,994,125,86463,2022-08-21
States,North Dakota,2022,34,NA,1.52829,NA,NA,NA,NA,NA,NA,37,9,2421,2022-08-21
States,Ohio,2022,34,NA,1.90641,NA,NA,NA,NA,NA,NA,772,77,40495,2022-08-21
States,Oklahoma,2022,34,NA,0.592692,NA,NA,NA,NA,NA,NA,97,29,16366,2022-08-21
States,Oregon,2022,34,NA,0.609662,NA,NA,NA,NA,NA,NA,238,78,39038,2022-08-21
States,Pennsylvania,2022,34,NA,0.711345,NA,NA,NA,NA,NA,NA,470,95,66072,2022-08-21
States,Rhode Island,2022,34,NA,0.532634,NA,NA,NA,NA,NA,NA,63,23,11828,2022-08-21
States,South Carolina,2022,34,NA,1.63142,NA,NA,NA,NA,NA,NA,533,38,32671,2022-08-21
States,South Dakota,2022,34,NA,0.40107,NA,NA,NA,NA,NA,NA,36,30,8976,2022-08-21
States,Tennessee,2022,34,NA,2.17466,NA,NA,NA,NA,NA,NA,827,100,38029,2022-08-21
States,Texas,2022,34,NA,3.39012,NA,NA,NA,NA,NA,NA,1811,51,53420,2022-08-21
States,Utah,2022,34,NA,1.87441,NA,NA,NA,NA,NA,NA,337,42,17979,2022-08-21
States,Vermont,2022,34,NA,0.524679,NA,NA,NA,NA,NA,NA,27,11,5146,2022-08-21
States,Virginia,2022,34,NA,2.09226,NA,NA,NA,NA,NA,NA,2306,168,110216,2022-08-21
States,Washington,2022,34,NA,0.852806,NA,NA,NA,NA,NA,NA,300,66,35178,2022-08-21
States,West Virginia,2022,34,NA,1.00274,NA,NA,NA,NA,NA,NA,95,27,9474,2022-08-21
States,Wisconsin,2022,34,NA,0.639699,NA,NA,NA,NA,NA,NA,136,34,21260,2022-08-21
States,Wyoming,2022,34,NA,0.643382,NA,NA,NA,NA,NA,NA,14,10,2176,2022-08-21
States,Commonwealth of the Northern Mariana Islands,2022,34,NA,NA,NA,NA,NA,NA,NA,NA,NA,NA,NA,2022-08-21
States,Puerto Rico,2022,34,NA,8.0023,NA,NA,NA,NA,NA,NA,278,10,3474,2022-08-21
States,Virgin Islands,2022,34,NA,1.2945,NA,NA,NA,NA,NA,NA,12,3,927,2022-08-21
States,New York City,2022,34,NA,1.60709,NA,NA,NA,NA,NA,NA,1227,24,76349,2022-08-21
States,Alabama,2022,35,NA,2.05748,NA,NA,NA,NA,NA,NA,1207,104,58664,2022-08-28
States,Alaska,2022,35,NA,0.293255,NA,NA,NA,NA,NA,NA,1,1,341,2022-08-28
States,Arizona,2022,35,NA,0.8726,NA,NA,NA,NA,NA,NA,95,27,10887,2022-08-28
States,Arkansas,2022,35,NA,1.56823,NA,NA,NA,NA,NA,NA,214,42,13646,2022-08-28
States,California,2022,35,NA,1.83675,NA,NA,NA,NA,NA,NA,2218,140,120757,2022-08-28
States,Colorado,2022,35,NA,2.08967,NA,NA,NA,NA,NA,NA,990,78,47376,2022-08-28
States,Connecticut,2022,35,NA,1.07331,NA,NA,NA,NA,NA,NA,465,64,43324,2022-08-28
States,Delaware,2022,35,NA,2.99289,NA,NA,NA,NA,NA,NA,240,10,8019,2022-08-28
States,District of Columbia,2022,35,NA,3.22684,NA,NA,NA,NA,NA,NA,201,4,6229,2022-08-28
States,Florida,2022,35,NA,3.22675,NA,NA,NA,NA,NA,NA,8019,347,248516,2022-08-28
States,Georgia,2022,35,NA,3.58842,NA,NA,NA,NA,NA,NA,3077,104,85748,2022-08-28
States,Hawaii,2022,35,NA,2.28862,NA,NA,NA,NA,NA,NA,72,20,3146,2022-08-28
States,Idaho,2022,35,NA,0.795372,NA,NA,NA,NA,NA,NA,77,31,9681,2022-08-28
States,Illinois,2022,35,NA,2.01771,NA,NA,NA,NA,NA,NA,1502,172,74441,2022-08-28
States,Indiana,2022,35,NA,1.45069,NA,NA,NA,NA,NA,NA,774,95,53354,2022-08-28
States,Iowa,2022,35,NA,0.803859,NA,NA,NA,NA,NA,NA,45,15,5598,2022-08-28
States,Kansas,2022,35,NA,1.15175,NA,NA,NA,NA,NA,NA,114,13,9898,2022-08-28
States,Kentucky,2022,35,NA,1.84932,NA,NA,NA,NA,NA,NA,691,69,37365,2022-08-28
States,Louisiana,2022,35,NA,1.82333,NA,NA,NA,NA,NA,NA,843,86,46234,2022-08-28
States,Maine,2022,35,NA,0.702668,NA,NA,NA,NA,NA,NA,108,46,15370,2022-08-28
States,Maryland,2022,35,NA,1.41037,NA,NA,NA,NA,NA,NA,599,57,42471,2022-08-28
States,Massachusetts,2022,35,NA,0.769004,NA,NA,NA,NA,NA,NA,521,75,67750,2022-08-28
States,Michigan,2022,35,NA,0.710769,NA,NA,NA,NA,NA,NA,628,152,88355,2022-08-28
States,Minnesota,2022,35,NA,0.738797,NA,NA,NA,NA,NA,NA,214,69,28966,2022-08-28
States,Mississippi,2022,35,NA,3.6194,NA,NA,NA,NA,NA,NA,485,31,13400,2022-08-28
States,Missouri,2022,35,NA,1.19961,NA,NA,NA,NA,NA,NA,341,41,28426,2022-08-28
States,Montana,2022,35,NA,0.647948,NA,NA,NA,NA,NA,NA,48,28,7408,2022-08-28
States,Nebraska,2022,35,NA,2.22892,NA,NA,NA,NA,NA,NA,340,69,15254,2022-08-28
States,Nevada,2022,35,NA,1.29068,NA,NA,NA,NA,NA,NA,138,23,10692,2022-08-28
States,New Hampshire,2022,35,NA,0,NA,NA,NA,NA,NA,NA,0,9,991,2022-08-28
States,New Jersey,2022,35,NA,2.29354,NA,NA,NA,NA,NA,NA,606,32,26422,2022-08-28
States,New Mexico,2022,35,NA,3.65685,NA,NA,NA,NA,NA,NA,870,37,23791,2022-08-28
States,New York,2022,35,NA,1.0171,NA,NA,NA,NA,NA,NA,505,118,49651,2022-08-28
States,North Carolina,2022,35,NA,1.19457,NA,NA,NA,NA,NA,NA,1043,126,87312,2022-08-28
States,North Dakota,2022,35,NA,1.11669,NA,NA,NA,NA,NA,NA,40,9,3582,2022-08-28
States,Ohio,2022,35,NA,1.99436,NA,NA,NA,NA,NA,NA,792,76,39712,2022-08-28
States,Oklahoma,2022,35,NA,0.757182,NA,NA,NA,NA,NA,NA,131,30,17301,2022-08-28
States,Oregon,2022,35,NA,0.553628,NA,NA,NA,NA,NA,NA,209,77,37751,2022-08-28
States,Pennsylvania,2022,35,NA,1.05218,NA,NA,NA,NA,NA,NA,705,96,67004,2022-08-28
States,Rhode Island,2022,35,NA,0.577988,NA,NA,NA,NA,NA,NA,72,23,12457,2022-08-28
States,South Carolina,2022,35,NA,1.7847,NA,NA,NA,NA,NA,NA,532,38,29809,2022-08-28
States,South Dakota,2022,35,NA,0.496141,NA,NA,NA,NA,NA,NA,45,31,9070,2022-08-28
States,Tennessee,2022,35,NA,2.14164,NA,NA,NA,NA,NA,NA,802,102,37448,2022-08-28
States,Texas,2022,35,NA,4.04506,NA,NA,NA,NA,NA,NA,2122,48,52459,2022-08-28
States,Utah,2022,35,NA,1.95079,NA,NA,NA,NA,NA,NA,375,43,19223,2022-08-28
States,Vermont,2022,35,NA,0.47384,NA,NA,NA,NA,NA,NA,24,11,5065,2022-08-28
States,Virginia,2022,35,NA,2.11653,NA,NA,NA,NA,NA,NA,2319,168,109566,2022-08-28
States,Washington,2022,35,NA,0.799954,NA,NA,NA,NA,NA,NA,279,67,34877,2022-08-28
States,West Virginia,2022,35,NA,0.712876,NA,NA,NA,NA,NA,NA,65,25,9118,2022-08-28
States,Wisconsin,2022,35,NA,0.675708,NA,NA,NA,NA,NA,NA,143,34,21163,2022-08-28
States,Wyoming,2022,35,NA,1.12835,NA,NA,NA,NA,NA,NA,24,8,2127,2022-08-28
States,Commonwealth of the Northern Mariana Islands,2022,35,NA,NA,NA,NA,NA,NA,NA,NA,NA,NA,NA,2022-08-28
States,Puerto Rico,2022,35,NA,7.94203,NA,NA,NA,NA,NA,NA,274,9,3450,2022-08-28
States,Virgin Islands,2022,35,NA,1.20879,NA,NA,NA,NA,NA,NA,11,3,910,2022-08-28
States,New York City,2022,35,NA,1.55052,NA,NA,NA,NA,NA,NA,1175,21,75781,2022-08-28
