state,population,census_state_fips,source_year,source_dataset,accessed_date
Alabama,5193088,01,2025,"Census annual state population estimates, 2020-2025 vintage",2026-09-05
Alaska,737270,02,2025,"Census annual state population estimates, 2020-2025 vintage",2026-09-05
Arizona,7623818,04,2025,"Census annual state population estimates, 2020-2025 vintage",2026-09-05
Arkansas,3114791,05,2025,"Census annual state population estimates, 2020-2025 vintage",2026-09-05
California,39355309,06,2025,"Census annual state population estimates, 2020-2025 vintage",2026-09-05
Colorado,6012561,08,2025,"Census annual state population estimates, 2020-2025 vintage",2026-09-05
Connecticut,3688496,09,2025,"Census annual state population estimates, 2020-2025 vintage",2026-09-05
Delaware,1059952,10,2025,"Census annual state population estimates, 2020-2025 vintage",2026-09-05
District of Columbia,693645,11,2025,"Census annual state population estimates, 2020-2025 vintage",2026-09-05
Florida,23462518,12,2025,"Census annual state population estimates, 2020-2025 vintage",2026-09-05
Georgia,11302748,13,2025,"Census annual state population estimates, 2020-2025 vintage",2026-09-05
Hawaii,1432820,15,2025,"Census annual state population estimates, 2020-2025 vintage",2026-09-05
Idaho,2029733,16,2025,"Census annual state population estimates, 2020-2025 vintage",2026-09-05
Illinois,12719141,17,2025,"Census annual state population estimates, 2020-2025 vintage",2026-09-05
Indiana,6973333,18,2025,"Census annual state population estimates, 2020-2025 vintage",2026-09-05
Iowa,3238387,19,2025,"Census annual state population estimates, 2020-2025 vintage",2026-09-05
Kansas,2977220,20,2025,"Census annual state population estimates, 2020-2025 vintage",2026-09-05
Kentucky,4606864,21,2025,"Census annual state population estimates, 2020-2025 vintage",2026-09-05
Louisiana,4618189,22,2025,"Census annual state population estimates, 2020-2025 vintage",2026-09-05
Maine,1414874,23,2025,"Census annual state population estimates, 2020-2025 vintage",2026-09-05
Maryland,6265347,24,2025,"Census annual state population estimates, 2020-2025 vintage",2026-09-05
Massachusetts,7154084,25,2025,"Census annual state population estimates, 2020-2025 vintage",2026-09-05
Michigan,10127884,26,2025,"Census annual state population estimates, 2020-2025 vintage",2026-09-05
Minnesota,5830405,27,2025,"Census annual state population estimates, 2020-2025 vintage",2026-09-05
Mississippi,2954160,28,2025,"Census annual state population estimates, 2020-2025 vintage",2026-09-05
Missouri,6270541,29,2025,"Census annual state population estimates, 2020-2025 vintage",2026-09-05
Montana,1144694,30,2025,"Census annual state population estimates, 2020-2025 vintage",2026-09-05
Nebraska,2018006,31,2025,"Census annual state population estimates, 2020-2025 vintage",2026-09-05
Nevada,3282188,32,2025,"Census annual state population estimates, 2020-2025 vintage",2026-09-05
New Hampshire,1415342,33,2025,"Census annual state population estimates, 2020-2025 vintage",2026-09-05
New Jersey,9548215,34,2025,"Census annual state population estimates, 2020-2025 vintage",2026-09-05
New Mexico,2125498,35,2025,"Census annual state population estimates, 2020-2025 vintage",2026-09-05
New York,20002427,36,2025,"Census annual state population estimates, 2020-2025 vintage",2026-09-05
North Carolina,11197968,37,2025,"Census annual state population estimates, 2020-2025 vintage",2026-09-05
North Dakota,799358,38,2025,"Census annual state population estimates, 2020-2025 vintage",2026-09-05
Ohio,11900510,39,2025,"Census annual state population estimates, 2020-2025 vintage",2026-09-05
Oklahoma,4123288,40,2025,"Census annual state population estimates, 2020-2025 vintage",2026-09-05
Oregon,4273586,41,2025,"Census annual state population estimates, 2020-2025 vintage",2026-09-05
Pennsylvania,13059432,42,2025,"Census annual state population estimates, 2020-2025 vintage",2026-09-05
Rhode Island,1114521,44,2025,"Census annual state population estimates, 2020-2025 vintage",2026-09-05
South Carolina,5570274,45,2025,"Census annual state population estimates, 2020-2025 vintage",2026-09-05
South Dakota,935094,46,2025,"Census annual state population estimates, 2020-2025 vintage",2026-09-05
Tennessee,7315076,47,2025,"Census annual state population estimates, 2020-2025 vintage",2026-09-05
Texas,31709821,48,2025,"Census annual state population estimates, 2020-2025 vintage",2026-09-05
Utah,3538904,49,2025,"Census annual state population estimates, 2020-2025 vintage",2026-09-05
Vermont,644663,50,2025,"Census annual state population estimates, 2020-2025 vintage",2026-09-05
Virginia,8880107,51,2025,"Census annual state population estimates, 2020-2025 vintage",2026-09-05
Washington,8001020,53,2025,"Census annual state population estimates, 2020-2025 vintage",2026-09-05
West Virginia,1766147,54,2025,"Census annual state population estimates, 2020-2025 vintage",2026-09-05
Wisconsin,5972787,55,2025,"Census annual state population estimates, 2020-2025 vintage",2026-09-05
Wyoming,588753,56,2025,"Census annual state population estimates, 2020-2025 vintage",2026-09-05
