date,wastewaterscan_flu_a_log10_pmmov,site_q25_log10_pmmov,site_q75_log10_pmmov,site_count,sample_count,site_detection_fraction,available_date,source,source_signal,geography,vintage_status,minimum_sites_required,log10_pseudocount,wastewaterscan_flu_a_log10_pmmov_lag1,wastewaterscan_flu_a_log10_pmmov_lag2,wastewaterscan_flu_a_log10_pmmov_lag4
2024-10-05,-5.0,-5.0,-4.849485002168009,148,453,0.1517696267696267,2024-10-19,CDC NWSS / WastewaterSCAN,fluav PMMoV-normalized concentration,US robust equal-site weekly median,latency_constrained_current_revised_snapshot,10,1e-05,-5.0,-5.0,-5.0
2024-10-12,-5.0,-5.0,-5.0,147,437,0.1496598639455782,2024-10-26,CDC NWSS / WastewaterSCAN,fluav PMMoV-normalized concentration,US robust equal-site weekly median,latency_constrained_current_revised_snapshot,10,1e-05,-5.0,-5.0,-5.0
2024-10-19,-5.0,-5.0,-4.887113751626007,150,459,0.205063492063492,2024-11-02,CDC NWSS / WastewaterSCAN,fluav PMMoV-normalized concentration,US robust equal-site weekly median,latency_constrained_current_revised_snapshot,10,1e-05,-5.0,-5.0,-5.0
2024-10-26,-5.0,-5.0,-5.0,150,471,0.205031746031746,2024-11-09,CDC NWSS / WastewaterSCAN,fluav PMMoV-normalized concentration,US robust equal-site weekly median,latency_constrained_current_revised_snapshot,10,1e-05,-5.0,-5.0,-5.0
2024-11-02,-5.0,-5.0,-4.698970004336019,149,455,0.3505912432086928,2024-11-16,CDC NWSS / WastewaterSCAN,fluav PMMoV-normalized concentration,US robust equal-site weekly median,latency_constrained_current_revised_snapshot,10,1e-05,-5.0,-5.0,-5.0
2024-11-09,-5.0,-5.0,-4.698970004336019,150,459,0.3613492063492063,2024-11-23,CDC NWSS / WastewaterSCAN,fluav PMMoV-normalized concentration,US robust equal-site weekly median,latency_constrained_current_revised_snapshot,10,1e-05,-5.0,-5.0,-5.0
2024-11-16,-4.849485002168009,-5.0,-4.594187677400525,147,431,0.4407191448007774,2024-11-30,CDC NWSS / WastewaterSCAN,fluav PMMoV-normalized concentration,US robust equal-site weekly median,latency_constrained_current_revised_snapshot,10,1e-05,-5.0,-5.0,-5.0
2024-11-23,-4.698970004336019,-5.0,-4.522878745280337,149,464,0.4874560562480025,2024-12-07,CDC NWSS / WastewaterSCAN,fluav PMMoV-normalized concentration,US robust equal-site weekly median,latency_constrained_current_revised_snapshot,10,1e-05,-4.849485002168009,-5.0,-5.0
2024-11-30,-4.698970004336019,-5.0,-4.301029995663981,145,386,0.6148604269293924,2024-12-14,CDC NWSS / WastewaterSCAN,fluav PMMoV-normalized concentration,US robust equal-site weekly median,latency_constrained_current_revised_snapshot,10,1e-05,-4.698970004336019,-4.849485002168009,-5.0
2024-12-07,-4.522878745280337,-4.698970004336019,-4.27267558140671,148,449,0.7456563706563707,2024-12-21,CDC NWSS / WastewaterSCAN,fluav PMMoV-normalized concentration,US robust equal-site weekly median,latency_constrained_current_revised_snapshot,10,1e-05,-4.698970004336019,-4.698970004336019,-5.0
2024-12-14,-4.301029995663981,-4.698970004336019,-4.096910013008056,151,463,0.8183538315988647,2024-12-28,CDC NWSS / WastewaterSCAN,fluav PMMoV-normalized concentration,US robust equal-site weekly median,latency_constrained_current_revised_snapshot,10,1e-05,-4.522878745280337,-4.698970004336019,-4.849485002168009
2024-12-21,-4.0,-4.301029995663981,-3.72527197467756,150,464,0.9333333333333332,2025-01-04,CDC NWSS / WastewaterSCAN,fluav PMMoV-normalized concentration,US robust equal-site weekly median,latency_constrained_current_revised_snapshot,10,1e-05,-4.301029995663981,-4.522878745280337,-4.698970004336019
2024-12-28,-3.769551078621726,-4.011439372640169,-3.533921187895867,140,386,0.9787414965986394,2025-01-11,CDC NWSS / WastewaterSCAN,fluav PMMoV-normalized concentration,US robust equal-site weekly median,latency_constrained_current_revised_snapshot,10,1e-05,-4.0,-4.301029995663981,-4.698970004336019
2025-01-04,-3.616447767898898,-3.964082130555633,-3.3590433787404628,146,414,0.9920091324200914,2025-01-18,CDC NWSS / WastewaterSCAN,fluav PMMoV-normalized concentration,US robust equal-site weekly median,latency_constrained_current_revised_snapshot,10,1e-05,-3.769551078621726,-4.0,-4.522878745280337
2025-01-11,-3.657577319177794,-3.887345359137069,-3.4685210829577446,151,458,0.9900662251655628,2025-01-25,CDC NWSS / WastewaterSCAN,fluav PMMoV-normalized concentration,US robust equal-site weekly median,latency_constrained_current_revised_snapshot,10,1e-05,-3.616447767898898,-3.769551078621726,-4.301029995663981
2025-01-18,-3.638272163982407,-3.9709477185491497,-3.4784385243935105,151,464,0.9913276568905708,2025-02-01,CDC NWSS / WastewaterSCAN,fluav PMMoV-normalized concentration,US robust equal-site weekly median,latency_constrained_current_revised_snapshot,10,1e-05,-3.657577319177794,-3.616447767898898,-4.0
2025-01-25,-3.552841968657781,-3.823908740944319,-3.283996656365201,149,436,0.9955257270693512,2025-02-08,CDC NWSS / WastewaterSCAN,fluav PMMoV-normalized concentration,US robust equal-site weekly median,latency_constrained_current_revised_snapshot,10,1e-05,-3.638272163982407,-3.657577319177794,-3.769551078621726
2025-02-01,-3.408935392973501,-3.802112423743168,-3.1724348215502944,151,467,0.9968464206874804,2025-02-15,CDC NWSS / WastewaterSCAN,fluav PMMoV-normalized concentration,US robust equal-site weekly median,latency_constrained_current_revised_snapshot,10,1e-05,-3.552841968657781,-3.638272163982407,-3.616447767898898
2025-02-08,-3.42021640338319,-3.744727494896694,-3.158026434624244,151,466,0.9977924944812362,2025-02-22,CDC NWSS / WastewaterSCAN,fluav PMMoV-normalized concentration,US robust equal-site weekly median,latency_constrained_current_revised_snapshot,10,1e-05,-3.408935392973501,-3.552841968657781,-3.657577319177794
2025-02-15,-3.5856710077511345,-3.9208187539523753,-3.318758762624413,150,449,0.991111111111111,2025-03-01,CDC NWSS / WastewaterSCAN,fluav PMMoV-normalized concentration,US robust equal-site weekly median,latency_constrained_current_revised_snapshot,10,1e-05,-3.42021640338319,-3.408935392973501,-3.638272163982407
2025-02-22,-3.7128570477669607,-4.0,-3.389897109628208,150,445,0.9822222222222224,2025-03-08,CDC NWSS / WastewaterSCAN,fluav PMMoV-normalized concentration,US robust equal-site weekly median,latency_constrained_current_revised_snapshot,10,1e-05,-3.5856710077511345,-3.42021640338319,-3.552841968657781
2025-03-01,-3.823908740944319,-4.154901959985743,-3.5686362358410126,149,463,0.982102908277405,2025-03-15,CDC NWSS / WastewaterSCAN,fluav PMMoV-normalized concentration,US robust equal-site weekly median,latency_constrained_current_revised_snapshot,10,1e-05,-3.7128570477669607,-3.5856710077511345,-3.408935392973501
2025-03-08,-3.958607314841775,-4.301029995663981,-3.7191808908194135,148,460,0.970881595881596,2025-03-22,CDC NWSS / WastewaterSCAN,fluav PMMoV-normalized concentration,US robust equal-site weekly median,latency_constrained_current_revised_snapshot,10,1e-05,-3.823908740944319,-3.7128570477669607,-3.42021640338319
2025-03-15,-4.096910013008056,-4.3979400086720375,-3.823908740944319,149,454,0.9408756791307128,2025-03-29,CDC NWSS / WastewaterSCAN,fluav PMMoV-normalized concentration,US robust equal-site weekly median,latency_constrained_current_revised_snapshot,10,1e-05,-3.958607314841775,-3.823908740944319,-3.5856710077511345
2025-03-22,-4.301029995663981,-4.522878745280337,-3.949160174619425,151,471,0.8919899085461999,2025-04-05,CDC NWSS / WastewaterSCAN,fluav PMMoV-normalized concentration,US robust equal-site weekly median,latency_constrained_current_revised_snapshot,10,1e-05,-4.096910013008056,-3.958607314841775,-3.7128570477669607
2025-03-29,-4.3979400086720375,-4.698970004336019,-4.096910013008056,150,467,0.8325396825396826,2025-04-12,CDC NWSS / WastewaterSCAN,fluav PMMoV-normalized concentration,US robust equal-site weekly median,latency_constrained_current_revised_snapshot,10,1e-05,-4.301029995663981,-4.096910013008056,-3.823908740944319
2025-04-05,-4.610924374808178,-5.0,-4.301029995663981,147,453,0.7120181405895692,2025-04-19,CDC NWSS / WastewaterSCAN,fluav PMMoV-normalized concentration,US robust equal-site weekly median,latency_constrained_current_revised_snapshot,10,1e-05,-4.3979400086720375,-4.301029995663981,-3.958607314841775
2025-04-12,-4.698970004336019,-5.0,-4.3979400086720375,147,455,0.5927275672173631,2025-04-26,CDC NWSS / WastewaterSCAN,fluav PMMoV-normalized concentration,US robust equal-site weekly median,latency_constrained_current_revised_snapshot,10,1e-05,-4.610924374808178,-4.3979400086720375,-4.096910013008056
2025-04-19,-4.849485002168009,-5.0,-4.698970004336019,147,450,0.4506802721088435,2025-05-03,CDC NWSS / WastewaterSCAN,fluav PMMoV-normalized concentration,US robust equal-site weekly median,latency_constrained_current_revised_snapshot,10,1e-05,-4.698970004336019,-4.610924374808178,-4.301029995663981
2025-04-26,-5.0,-5.0,-4.698970004336019,146,450,0.4246901500326158,2025-05-10,CDC NWSS / WastewaterSCAN,fluav PMMoV-normalized concentration,US robust equal-site weekly median,latency_constrained_current_revised_snapshot,10,1e-05,-4.849485002168009,-4.698970004336019,-4.3979400086720375
2025-05-03,-5.0,-5.0,-4.698970004336019,146,438,0.3610567514677104,2025-05-17,CDC NWSS / WastewaterSCAN,fluav PMMoV-normalized concentration,US robust equal-site weekly median,latency_constrained_current_revised_snapshot,10,1e-05,-5.0,-4.849485002168009,-4.610924374808178
2025-05-10,-5.0,-5.0,-4.698970004336019,147,455,0.3089731130547457,2025-05-24,CDC NWSS / WastewaterSCAN,fluav PMMoV-normalized concentration,US robust equal-site weekly median,latency_constrained_current_revised_snapshot,10,1e-05,-5.0,-5.0,-4.698970004336019
2025-05-17,-5.0,-5.0,-5.0,147,460,0.2522189828312277,2025-05-31,CDC NWSS / WastewaterSCAN,fluav PMMoV-normalized concentration,US robust equal-site weekly median,latency_constrained_current_revised_snapshot,10,1e-05,-5.0,-5.0,-4.849485002168009
2025-05-24,-5.0,-5.0,-5.0,147,460,0.2202785876255263,2025-06-07,CDC NWSS / WastewaterSCAN,fluav PMMoV-normalized concentration,US robust equal-site weekly median,latency_constrained_current_revised_snapshot,10,1e-05,-5.0,-5.0,-5.0
2025-05-31,-5.0,-5.0,-4.924742501084005,147,432,0.181373501781665,2025-06-14,CDC NWSS / WastewaterSCAN,fluav PMMoV-normalized concentration,US robust equal-site weekly median,latency_constrained_current_revised_snapshot,10,1e-05,-5.0,-5.0,-5.0
2025-06-07,-5.0,-5.0,-5.0,146,448,0.2088714938030006,2025-06-21,CDC NWSS / WastewaterSCAN,fluav PMMoV-normalized concentration,US robust equal-site weekly median,latency_constrained_current_revised_snapshot,10,1e-05,-5.0,-5.0,-5.0
2025-06-14,-5.0,-5.0,-5.0,147,460,0.2303045027534823,2025-06-28,CDC NWSS / WastewaterSCAN,fluav PMMoV-normalized concentration,US robust equal-site weekly median,latency_constrained_current_revised_snapshot,10,1e-05,-5.0,-5.0,-5.0
2025-06-21,-5.0,-5.0,-5.0,147,449,0.1581470683511499,2025-07-05,CDC NWSS / WastewaterSCAN,fluav PMMoV-normalized concentration,US robust equal-site weekly median,latency_constrained_current_revised_snapshot,10,1e-05,-5.0,-5.0,-5.0
2025-06-28,-5.0,-5.0,-5.0,147,464,0.1575639779721412,2025-07-12,CDC NWSS / WastewaterSCAN,fluav PMMoV-normalized concentration,US robust equal-site weekly median,latency_constrained_current_revised_snapshot,10,1e-05,-5.0,-5.0,-5.0
2025-07-05,-5.0,-5.0,-5.0,147,436,0.1242630385487528,2025-07-19,CDC NWSS / WastewaterSCAN,fluav PMMoV-normalized concentration,US robust equal-site weekly median,latency_constrained_current_revised_snapshot,10,1e-05,-5.0,-5.0,-5.0
2025-07-12,-5.0,-5.0,-5.0,147,461,0.1093294460641399,2025-07-26,CDC NWSS / WastewaterSCAN,fluav PMMoV-normalized concentration,US robust equal-site weekly median,latency_constrained_current_revised_snapshot,10,1e-05,-5.0,-5.0,-5.0
2025-07-19,-5.0,-5.0,-5.0,146,457,0.0928245270711024,2025-08-02,CDC NWSS / WastewaterSCAN,fluav PMMoV-normalized concentration,US robust equal-site weekly median,latency_constrained_current_revised_snapshot,10,1e-05,-5.0,-5.0,-5.0
2025-07-26,-5.0,-5.0,-5.0,146,455,0.0971461187214611,2025-08-09,CDC NWSS / WastewaterSCAN,fluav PMMoV-normalized concentration,US robust equal-site weekly median,latency_constrained_current_revised_snapshot,10,1e-05,-5.0,-5.0,-5.0
2025-08-02,-5.0,-5.0,-5.0,147,455,0.0825072886297376,2025-08-16,CDC NWSS / WastewaterSCAN,fluav PMMoV-normalized concentration,US robust equal-site weekly median,latency_constrained_current_revised_snapshot,10,1e-05,-5.0,-5.0,-5.0
2025-08-09,-5.0,-5.0,-5.0,146,462,0.1294520547945205,2025-08-23,CDC NWSS / WastewaterSCAN,fluav PMMoV-normalized concentration,US robust equal-site weekly median,latency_constrained_current_revised_snapshot,10,1e-05,-5.0,-5.0,-5.0
2025-08-16,-5.0,-5.0,-5.0,147,464,0.1241496598639455,2025-08-30,CDC NWSS / WastewaterSCAN,fluav PMMoV-normalized concentration,US robust equal-site weekly median,latency_constrained_current_revised_snapshot,10,1e-05,-5.0,-5.0,-5.0
2025-08-23,-5.0,-5.0,-5.0,147,454,0.1255102040816326,2025-09-06,CDC NWSS / WastewaterSCAN,fluav PMMoV-normalized concentration,US robust equal-site weekly median,latency_constrained_current_revised_snapshot,10,1e-05,-5.0,-5.0,-5.0
2025-08-30,-5.0,-5.0,-5.0,147,462,0.1434078393262066,2025-09-13,CDC NWSS / WastewaterSCAN,fluav PMMoV-normalized concentration,US robust equal-site weekly median,latency_constrained_current_revised_snapshot,10,1e-05,-5.0,-5.0,-5.0
2025-09-06,-5.0,-5.0,-5.0,147,434,0.1233236151603498,2025-09-20,CDC NWSS / WastewaterSCAN,fluav PMMoV-normalized concentration,US robust equal-site weekly median,latency_constrained_current_revised_snapshot,10,1e-05,-5.0,-5.0,-5.0
2025-09-13,-5.0,-5.0,-5.0,147,463,0.1286848072562358,2025-09-27,CDC NWSS / WastewaterSCAN,fluav PMMoV-normalized concentration,US robust equal-site weekly median,latency_constrained_current_revised_snapshot,10,1e-05,-5.0,-5.0,-5.0
2025-09-20,-5.0,-5.0,-5.0,146,457,0.1293215916503587,2025-10-04,CDC NWSS / WastewaterSCAN,fluav PMMoV-normalized concentration,US robust equal-site weekly median,latency_constrained_current_revised_snapshot,10,1e-05,-5.0,-5.0,-5.0
2025-09-27,-5.0,-5.0,-5.0,147,464,0.1344347262714609,2025-10-11,CDC NWSS / WastewaterSCAN,fluav PMMoV-normalized concentration,US robust equal-site weekly median,latency_constrained_current_revised_snapshot,10,1e-05,-5.0,-5.0,-5.0
2025-10-04,-5.0,-5.0,-5.0,146,454,0.1466731898238747,2025-10-18,CDC NWSS / WastewaterSCAN,fluav PMMoV-normalized concentration,US robust equal-site weekly median,latency_constrained_current_revised_snapshot,10,1e-05,-5.0,-5.0,-5.0
2025-10-11,-5.0,-5.0,-5.0,146,460,0.1427592954990215,2025-10-25,CDC NWSS / WastewaterSCAN,fluav PMMoV-normalized concentration,US robust equal-site weekly median,latency_constrained_current_revised_snapshot,10,1e-05,-5.0,-5.0,-5.0
2025-10-18,-5.0,-5.0,-5.0,146,452,0.1336921069797782,2025-11-01,CDC NWSS / WastewaterSCAN,fluav PMMoV-normalized concentration,US robust equal-site weekly median,latency_constrained_current_revised_snapshot,10,1e-05,-5.0,-5.0,-5.0
2025-10-25,-5.0,-5.0,-4.849485002168009,146,460,0.1357469015003261,2025-11-08,CDC NWSS / WastewaterSCAN,fluav PMMoV-normalized concentration,US robust equal-site weekly median,latency_constrained_current_revised_snapshot,10,1e-05,-5.0,-5.0,-5.0
2025-11-01,-5.0,-5.0,-4.698970004336019,145,453,0.2266666666666666,2025-11-15,CDC NWSS / WastewaterSCAN,fluav PMMoV-normalized concentration,US robust equal-site weekly median,latency_constrained_current_revised_snapshot,10,1e-05,-5.0,-5.0,-5.0
2025-11-08,-5.0,-5.0,-4.698970004336019,146,459,0.3673842139595564,2025-11-22,CDC NWSS / WastewaterSCAN,fluav PMMoV-normalized concentration,US robust equal-site weekly median,latency_constrained_current_revised_snapshot,10,1e-05,-5.0,-5.0,-5.0
2025-11-15,-4.698970004336019,-5.0,-4.522878745280337,146,448,0.475375081539465,2025-11-29,CDC NWSS / WastewaterSCAN,fluav PMMoV-normalized concentration,US robust equal-site weekly median,latency_constrained_current_revised_snapshot,10,1e-05,-5.0,-5.0,-5.0
2025-11-22,-4.698970004336019,-5.0,-4.3979400086720375,147,461,0.5388726919339164,2025-12-06,CDC NWSS / WastewaterSCAN,fluav PMMoV-normalized concentration,US robust equal-site weekly median,latency_constrained_current_revised_snapshot,10,1e-05,-4.698970004336019,-5.0,-5.0
2025-11-29,-4.522878745280337,-5.0,-4.221848749616356,144,410,0.6481481481481481,2025-12-13,CDC NWSS / WastewaterSCAN,fluav PMMoV-normalized concentration,US robust equal-site weekly median,latency_constrained_current_revised_snapshot,10,1e-05,-4.698970004336019,-4.698970004336019,-5.0
2025-12-06,-4.522878745280337,-4.698970004336019,-4.07825160843383,147,455,0.75348234531908,2025-12-20,CDC NWSS / WastewaterSCAN,fluav PMMoV-normalized concentration,US robust equal-site weekly median,latency_constrained_current_revised_snapshot,10,1e-05,-4.522878745280337,-4.698970004336019,-5.0
2025-12-13,-4.301029995663981,-4.698970004336019,-3.958607314841775,146,453,0.8351272015655578,2025-12-27,CDC NWSS / WastewaterSCAN,fluav PMMoV-normalized concentration,US robust equal-site weekly median,latency_constrained_current_revised_snapshot,10,1e-05,-4.522878745280337,-4.522878745280337,-4.698970004336019
2025-12-20,-4.0,-4.301029995663981,-3.721246399047171,147,461,0.9478458049886622,2026-01-03,CDC NWSS / WastewaterSCAN,fluav PMMoV-normalized concentration,US robust equal-site weekly median,latency_constrained_current_revised_snapshot,10,1e-05,-4.301029995663981,-4.522878745280337,-4.698970004336019
2025-12-27,-3.6989700043360183,-4.045757490560675,-3.339628497794984,142,404,0.9802146210596916,2026-01-10,CDC NWSS / WastewaterSCAN,fluav PMMoV-normalized concentration,US robust equal-site weekly median,latency_constrained_current_revised_snapshot,10,1e-05,-4.0,-4.301029995663981,-4.522878745280337
2026-01-03,-3.638272163982407,-4.051903896631238,-3.303223476740857,146,424,0.9931506849315068,2026-01-17,CDC NWSS / WastewaterSCAN,fluav PMMoV-normalized concentration,US robust equal-site weekly median,latency_constrained_current_revised_snapshot,10,1e-05,-3.6989700043360183,-4.0,-4.522878745280337
2026-01-10,-3.795880017344075,-4.096910013008056,-3.508638306165728,146,459,0.9931506849315068,2026-01-24,CDC NWSS / WastewaterSCAN,fluav PMMoV-normalized concentration,US robust equal-site weekly median,latency_constrained_current_revised_snapshot,10,1e-05,-3.638272163982407,-3.6989700043360183,-4.301029995663981
2026-01-17,-4.0,-4.301029995663981,-3.732986946971932,147,462,0.9727891156462584,2026-01-31,CDC NWSS / WastewaterSCAN,fluav PMMoV-normalized concentration,US robust equal-site weekly median,latency_constrained_current_revised_snapshot,10,1e-05,-3.795880017344075,-3.638272163982407,-4.0
2026-01-24,-4.0,-4.221848749616356,-3.7174052989734654,147,448,0.9763524457402007,2026-02-07,CDC NWSS / WastewaterSCAN,fluav PMMoV-normalized concentration,US robust equal-site weekly median,latency_constrained_current_revised_snapshot,10,1e-05,-4.0,-3.795880017344075,-3.6989700043360183
2026-01-31,-4.0,-4.301029995663981,-3.763345182690468,144,442,0.96875,2026-02-14,CDC NWSS / WastewaterSCAN,fluav PMMoV-normalized concentration,US robust equal-site weekly median,latency_constrained_current_revised_snapshot,10,1e-05,-4.0,-4.0,-3.638272163982407
2026-02-07,-4.096910013008056,-4.3979400086720375,-3.823908740944319,147,457,0.9727891156462584,2026-02-21,CDC NWSS / WastewaterSCAN,fluav PMMoV-normalized concentration,US robust equal-site weekly median,latency_constrained_current_revised_snapshot,10,1e-05,-4.0,-4.0,-3.795880017344075
2026-02-14,-4.154901959985743,-4.4604093769761874,-3.886056647693163,147,459,0.9580498866213152,2026-02-28,CDC NWSS / WastewaterSCAN,fluav PMMoV-normalized concentration,US robust equal-site weekly median,latency_constrained_current_revised_snapshot,10,1e-05,-4.096910013008056,-4.0,-4.0
2026-02-21,-4.301029995663981,-4.522878745280337,-3.967900182820548,147,442,0.9433106575963718,2026-03-07,CDC NWSS / WastewaterSCAN,fluav PMMoV-normalized concentration,US robust equal-site weekly median,latency_constrained_current_revised_snapshot,10,1e-05,-4.154901959985743,-4.096910013008056,-4.0
2026-02-28,-4.3979400086720375,-4.579689690656103,-4.154901959985743,147,456,0.8843537414965986,2026-03-14,CDC NWSS / WastewaterSCAN,fluav PMMoV-normalized concentration,US robust equal-site weekly median,latency_constrained_current_revised_snapshot,10,1e-05,-4.301029995663981,-4.154901959985743,-4.0
2026-03-07,-4.522878745280337,-4.698970004336019,-4.221848749616356,147,457,0.8044217687074829,2026-03-21,CDC NWSS / WastewaterSCAN,fluav PMMoV-normalized concentration,US robust equal-site weekly median,latency_constrained_current_revised_snapshot,10,1e-05,-4.3979400086720375,-4.301029995663981,-4.096910013008056
2026-03-14,-4.698970004336019,-4.730204688488094,-4.3979400086720375,147,462,0.6783284742468415,2026-03-28,CDC NWSS / WastewaterSCAN,fluav PMMoV-normalized concentration,US robust equal-site weekly median,latency_constrained_current_revised_snapshot,10,1e-05,-4.522878745280337,-4.3979400086720375,-4.154901959985743
2026-03-21,-4.698970004336019,-5.0,-4.522878745280337,147,456,0.5985746679624231,2026-04-04,CDC NWSS / WastewaterSCAN,fluav PMMoV-normalized concentration,US robust equal-site weekly median,latency_constrained_current_revised_snapshot,10,1e-05,-4.698970004336019,-4.522878745280337,-4.301029995663981
2026-03-28,-5.0,-5.0,-4.698970004336019,147,463,0.4962099125364431,2026-04-11,CDC NWSS / WastewaterSCAN,fluav PMMoV-normalized concentration,US robust equal-site weekly median,latency_constrained_current_revised_snapshot,10,1e-05,-4.698970004336019,-4.698970004336019,-4.3979400086720375
2026-04-04,-5.0,-5.0,-4.698970004336019,147,445,0.4080012957563977,2026-04-18,CDC NWSS / WastewaterSCAN,fluav PMMoV-normalized concentration,US robust equal-site weekly median,latency_constrained_current_revised_snapshot,10,1e-05,-5.0,-4.698970004336019,-4.522878745280337
2026-04-11,-5.0,-5.0,-4.698970004336019,147,456,0.303692905733722,2026-04-25,CDC NWSS / WastewaterSCAN,fluav PMMoV-normalized concentration,US robust equal-site weekly median,latency_constrained_current_revised_snapshot,10,1e-05,-5.0,-5.0,-4.698970004336019
2026-04-18,-5.0,-5.0,-5.0,147,457,0.25348234531908,2026-05-02,CDC NWSS / WastewaterSCAN,fluav PMMoV-normalized concentration,US robust equal-site weekly median,latency_constrained_current_revised_snapshot,10,1e-05,-5.0,-5.0,-4.698970004336019
2026-04-25,-5.0,-5.0,-5.0,146,452,0.216470971950424,2026-05-09,CDC NWSS / WastewaterSCAN,fluav PMMoV-normalized concentration,US robust equal-site weekly median,latency_constrained_current_revised_snapshot,10,1e-05,-5.0,-5.0,-5.0
