model_id,reference_date,target_end_date,horizon,location,lower_95,lower_80,lower_50,median,upper_50,upper_80,upper_95,anchor_date,lead_weeks,location_name,reference_in_evaluation_window
distributional_gaussian_nll_joint_base_spatial_no_donors_revised_visualization,2024-10-12,2024-10-12,0,48,0.437616547653297,1.3813879342263446,2.715831287104943,4.995578429173936,8.604441885412136,13.995197129644492,23.388994666800997,2024-10-05,1,Texas,True
distributional_gaussian_nll_joint_base_spatial_no_donors_revised_visualization,2024-10-12,2024-10-19,1,48,0.7051951335939961,1.982399687451185,3.859439225871344,7.476864774991743,14.05196387903448,22.935885533879198,40.45099787439846,2024-10-05,2,Texas,True
distributional_gaussian_nll_joint_base_spatial_no_donors_revised_visualization,2024-10-12,2024-10-26,2,48,0.7656797141452267,2.296200885817602,4.765070437650996,10.090500772985122,20.32240991139232,36.13750094840155,68.0937836907097,2024-10-05,3,Texas,True
distributional_gaussian_nll_joint_base_spatial_no_donors_revised_visualization,2024-10-12,2024-11-02,3,48,0.8549916330180791,2.6770142508616344,5.869414487231879,12.48767201945478,25.198867633077413,46.13012096144516,89.84292369616209,2024-10-05,4,Texas,True
distributional_gaussian_nll_joint_base_spatial_no_donors_revised_visualization,2024-10-19,2024-10-19,0,48,18.77487221779108,38.49810480028057,68.70779230480528,137.2388520144193,257.3399952003218,438.6867670744449,830.4946534837359,2024-10-12,1,Texas,True
distributional_gaussian_nll_joint_base_spatial_no_donors_revised_visualization,2024-10-19,2024-10-26,1,48,20.905835538910736,46.12698309148625,85.65591652366697,167.08624635844944,333.7205215469792,605.4120813708498,1178.1422670423487,2024-10-12,2,Texas,True
distributional_gaussian_nll_joint_base_spatial_no_donors_revised_visualization,2024-10-19,2024-11-02,2,48,34.162783806474536,74.58179004687977,146.22895956331018,292.1909342338747,609.5334302415167,1230.1539036545191,2524.3477037605862,2024-10-12,3,Texas,True
distributional_gaussian_nll_joint_base_spatial_no_donors_revised_visualization,2024-10-19,2024-11-09,3,48,41.36656068740987,89.53563028353709,177.67686295633456,368.1613489078407,766.7848691412555,1539.6555791190342,3403.1362972690376,2024-10-12,4,Texas,True
distributional_gaussian_nll_joint_base_spatial_no_donors_revised_visualization,2024-10-26,2024-10-26,0,48,20.968951000980606,39.35429557085604,67.98209540011757,121.9312948607106,216.40557824303107,357.47077917918347,638.6476746448174,2024-10-19,1,Texas,True
distributional_gaussian_nll_joint_base_spatial_no_donors_revised_visualization,2024-10-26,2024-11-02,1,48,21.96420794158759,43.83966695934201,74.78862609683055,138.77630420930387,271.0397364590857,493.9599042149986,946.022675568236,2024-10-19,2,Texas,True
distributional_gaussian_nll_joint_base_spatial_no_donors_revised_visualization,2024-10-26,2024-11-09,2,48,22.702567084675028,46.23203642325088,84.40427871601685,173.70632882837072,362.2579675253079,696.3851134897956,1388.9583932472538,2024-10-19,3,Texas,True
distributional_gaussian_nll_joint_base_spatial_no_donors_revised_visualization,2024-10-26,2024-11-16,3,48,21.996404853016717,46.38671555899383,88.37270245401345,179.9057658520667,385.2627448562277,805.3080035755563,1685.3815885018723,2024-10-19,4,Texas,True
distributional_gaussian_nll_joint_base_spatial_no_donors_revised_visualization,2024-11-02,2024-11-02,0,48,39.59363218711549,66.66814077687275,103.45940096608916,164.5171186718163,270.78505827823426,414.6005230497704,661.0139590019122,2024-10-26,1,Texas,True
distributional_gaussian_nll_joint_base_spatial_no_donors_revised_visualization,2024-11-02,2024-11-09,1,48,36.98285523174093,67.3661994804683,112.38493172841092,199.78788308352483,353.8893415142218,577.6618120866937,992.6164332806264,2024-10-26,2,Texas,True
distributional_gaussian_nll_joint_base_spatial_no_donors_revised_visualization,2024-11-02,2024-11-16,2,48,35.93079252215587,69.94422116491462,127.29031713531688,241.27103350321977,475.2653928213469,873.6454769163634,1677.788892956948,2024-10-26,3,Texas,True
distributional_gaussian_nll_joint_base_spatial_no_donors_revised_visualization,2024-11-02,2024-11-23,3,48,36.009995463361165,72.49885920636197,138.0891174149774,283.93154187466354,580.4706732181915,1104.0236094828642,2212.85993444344,2024-10-26,4,Texas,True
distributional_gaussian_nll_joint_base_spatial_no_donors_revised_visualization,2024-11-09,2024-11-09,0,48,28.589492183718967,48.939214489402,79.84746341402126,135.52711835166963,218.7466747060122,338.3041079447577,539.6318388155722,2024-11-02,1,Texas,True
distributional_gaussian_nll_joint_base_spatial_no_donors_revised_visualization,2024-11-09,2024-11-16,1,48,26.63163899499432,48.89234433033218,87.48050091875498,158.01701781026492,296.59589176514345,490.0610057755158,859.6776132892271,2024-11-02,2,Texas,True
distributional_gaussian_nll_joint_base_spatial_no_donors_revised_visualization,2024-11-09,2024-11-23,2,48,24.37280997688874,48.00557948471578,92.81733655254445,192.80546931727488,403.86730258246666,739.497253196666,1454.9665048809688,2024-11-02,3,Texas,True
distributional_gaussian_nll_joint_base_spatial_no_donors_revised_visualization,2024-11-09,2024-11-30,3,48,23.575264137872537,49.590755104766416,98.80969923287005,227.51036885140115,498.8366631243316,968.3496853380962,2103.895094458156,2024-11-02,4,Texas,True
distributional_gaussian_nll_joint_base_spatial_no_donors_revised_visualization,2024-11-16,2024-11-16,0,48,62.595368259736624,97.4098321205638,143.10195777608422,220.71811054501663,337.14928102677726,477.8297246450215,752.3574230579392,2024-11-09,1,Texas,True
distributional_gaussian_nll_joint_base_spatial_no_donors_revised_visualization,2024-11-16,2024-11-23,1,48,54.11310477271837,93.52593824968304,150.32718367109976,247.9019779664336,401.6933316507318,612.7151344201195,1000.9478447524804,2024-11-09,2,Texas,True
distributional_gaussian_nll_joint_base_spatial_no_donors_revised_visualization,2024-11-16,2024-11-30,2,48,57.32301629472597,101.996676109128,170.37611453823286,308.2992280196212,532.3988303704541,892.4029101296678,1586.9173674230683,2024-11-09,3,Texas,True
distributional_gaussian_nll_joint_base_spatial_no_donors_revised_visualization,2024-11-16,2024-12-07,3,48,52.29210173745963,97.75313146370108,172.86881200175486,320.74176665177407,585.901650772445,1021.6006805017022,1906.8021320276384,2024-11-09,4,Texas,True
distributional_gaussian_nll_joint_base_spatial_no_donors_revised_visualization,2024-11-23,2024-11-23,0,48,108.58918188338237,146.85159123970706,189.39485431504303,255.1967891146364,340.61432719534366,448.4852828108368,608.395750062223,2024-11-16,1,Texas,True
distributional_gaussian_nll_joint_base_spatial_no_donors_revised_visualization,2024-11-23,2024-11-30,1,48,94.96075835370736,138.75491895333545,194.78229059858683,285.3674272520534,395.7601401167215,553.6560518711967,801.7205963324595,2024-11-16,2,Texas,True
distributional_gaussian_nll_joint_base_spatial_no_donors_revised_visualization,2024-11-23,2024-12-07,2,48,88.8104748106305,142.08390721739622,216.7926572746714,331.7437893501458,517.0363044804478,778.381349193786,1239.3170982406612,2024-11-16,3,Texas,True
distributional_gaussian_nll_joint_base_spatial_no_donors_revised_visualization,2024-11-23,2024-12-14,3,48,79.6240567592976,134.35718924361362,209.57475275873836,351.4549934052736,582.4343984102495,910.6223099508112,1520.7411566664432,2024-11-16,4,Texas,True
distributional_gaussian_nll_joint_base_spatial_no_donors_revised_visualization,2024-11-30,2024-11-30,0,48,135.89680492188967,180.29509591806843,229.0546096877869,310.69959762712074,406.31094640334254,515.7770233155775,668.4431618892789,2024-11-23,1,Texas,True
distributional_gaussian_nll_joint_base_spatial_no_donors_revised_visualization,2024-11-30,2024-12-07,1,48,113.1474171877805,163.1695156173263,226.61811560178995,332.0014475293446,473.1748842385401,656.8002809048452,935.4035903851048,2024-11-23,2,Texas,True
distributional_gaussian_nll_joint_base_spatial_no_donors_revised_visualization,2024-11-30,2024-12-14,2,48,97.8861532098164,156.41432259289763,233.6675006562427,386.9689088479533,574.5700307662853,863.9707297344087,1371.9848824827254,2024-11-23,3,Texas,True
distributional_gaussian_nll_joint_base_spatial_no_donors_revised_visualization,2024-11-30,2024-12-21,3,48,89.06675553996234,148.51814734401535,236.43396754442975,414.07554662471387,636.9272787795533,1004.2944899076178,1680.0989816437748,2024-11-23,4,Texas,True
distributional_gaussian_nll_joint_base_spatial_no_donors_revised_visualization,2024-12-07,2024-12-07,0,48,221.56260417307587,289.6134844803204,361.7581673953618,477.4611527694896,631.634270280302,796.6295347367803,1033.9724882149658,2024-11-30,1,Texas,True
distributional_gaussian_nll_joint_base_spatial_no_donors_revised_visualization,2024-12-07,2024-12-14,1,48,182.08594195655823,264.3232739814076,368.0265019492768,521.2578236502779,754.7163353923924,1061.3001631651043,1542.4522197326908,2024-11-30,2,Texas,True
distributional_gaussian_nll_joint_base_spatial_no_donors_revised_visualization,2024-12-07,2024-12-21,2,48,170.1080943146916,262.00823076077603,371.97516639887135,596.3301105193023,953.650698262233,1424.8565977990015,2222.123882572472,2024-11-30,3,Texas,True
distributional_gaussian_nll_joint_base_spatial_no_donors_revised_visualization,2024-12-07,2024-12-28,3,48,149.3517242178728,246.00503582190623,376.7999994276876,625.4453650554493,1047.8085593030542,1669.10742547089,2807.9591422257818,2024-11-30,4,Texas,True
distributional_gaussian_nll_joint_base_spatial_no_donors_revised_visualization,2024-12-14,2024-12-14,0,48,312.21993149288164,397.1894140529553,501.67909933216686,629.6157044605638,782.4846814317175,959.8073762638448,1236.0008578164363,2024-12-07,1,Texas,True
distributional_gaussian_nll_joint_base_spatial_no_donors_revised_visualization,2024-12-14,2024-12-21,1,48,280.03392704742146,391.8858846599031,516.8127887709024,705.4092198920777,943.7579103215282,1240.9873639109455,1670.1326547954964,2024-12-07,2,Texas,True
distributional_gaussian_nll_joint_base_spatial_no_donors_revised_visualization,2024-12-14,2024-12-28,2,48,253.2857600762108,382.6083735499394,552.6002587716303,831.5330185506893,1215.7060724855037,1682.914696212125,2561.639314185949,2024-12-07,3,Texas,True
distributional_gaussian_nll_joint_base_spatial_no_donors_revised_visualization,2024-12-14,2025-01-04,3,48,239.82891589530152,390.3131696239613,574.6601509410161,881.3423542663431,1357.062175449163,1986.851555706225,3066.7669983134588,2024-12-07,4,Texas,True
distributional_gaussian_nll_joint_base_spatial_no_donors_revised_visualization,2024-12-21,2024-12-21,0,48,447.711151739857,568.6591805956078,704.3492338704343,904.3797213726092,1165.9289892878207,1442.7471906860849,1843.499228187596,2024-12-14,1,Texas,True
distributional_gaussian_nll_joint_base_spatial_no_donors_revised_visualization,2024-12-21,2024-12-28,1,48,376.9271771089937,527.1228827445233,711.3833172640632,973.4557831722128,1352.2730137159351,1786.947336319713,2476.185650719074,2024-12-14,2,Texas,True
distributional_gaussian_nll_joint_base_spatial_no_donors_revised_visualization,2024-12-21,2025-01-04,2,48,328.6298859437176,499.00735489893714,720.4361047586349,1077.7181612415602,1602.5136827119886,2335.3014370169767,3411.692191852438,2024-12-14,3,Texas,True
distributional_gaussian_nll_joint_base_spatial_no_donors_revised_visualization,2024-12-21,2025-01-11,3,48,300.3292807460209,473.51455682270296,691.4456872281975,1064.548884271057,1650.249079403295,2467.978297976966,3716.530736725153,2024-12-14,4,Texas,True
distributional_gaussian_nll_joint_base_spatial_no_donors_revised_visualization,2024-12-28,2024-12-28,0,48,660.9780896896661,858.9263364264445,1077.8309453489428,1390.0226203709549,1799.4277441822935,2274.157175082995,2920.2475885523463,2024-12-21,1,Texas,True
distributional_gaussian_nll_joint_base_spatial_no_donors_revised_visualization,2024-12-28,2025-01-04,1,48,581.9410080102061,791.1633937954903,1047.7630140269944,1468.1439523612896,2065.018803607659,2749.5083833893805,3853.2567648450913,2024-12-21,2,Texas,True
distributional_gaussian_nll_joint_base_spatial_no_donors_revised_visualization,2024-12-28,2025-01-11,2,48,501.5867259152861,739.4300231563657,1052.7293032483117,1578.978015648112,2292.4132941784583,3252.3681802591173,4800.516357503524,2024-12-21,3,Texas,True
distributional_gaussian_nll_joint_base_spatial_no_donors_revised_visualization,2024-12-28,2025-01-18,3,48,451.8576286898771,691.434855041701,1000.702690113012,1552.72071614867,2455.828578947749,3555.3249305059308,5268.444079750736,2024-12-21,4,Texas,True
distributional_gaussian_nll_joint_base_spatial_no_donors_revised_visualization,2025-01-04,2025-01-04,0,48,984.3199861012254,1200.8428714819954,1436.612329067559,1770.5476904844468,2223.8468341581865,2637.902664956275,3213.8523569042304,2024-12-28,1,Texas,True
distributional_gaussian_nll_joint_base_spatial_no_donors_revised_visualization,2025-01-04,2025-01-11,1,48,810.6930249704492,1072.913429790705,1366.1223166355155,1782.5117962914126,2382.981984128547,3045.4274134623083,3901.5284949924544,2024-12-28,2,Texas,True
distributional_gaussian_nll_joint_base_spatial_no_donors_revised_visualization,2025-01-04,2025-01-18,2,48,623.9174916555105,895.439078201707,1256.665046068399,1793.0860104691055,2505.4971040742403,3365.7987294958507,4738.530678195258,2024-12-28,3,Texas,True
distributional_gaussian_nll_joint_base_spatial_no_donors_revised_visualization,2025-01-04,2025-01-25,3,48,608.2059326700412,913.4311428470272,1324.803550948549,1986.8403955086171,2851.5586942368745,3836.68072838907,5712.416658401005,2024-12-28,4,Texas,True
distributional_gaussian_nll_joint_base_spatial_no_donors_revised_visualization,2025-01-11,2025-01-11,0,48,1383.6254671458528,1747.7897516864828,2015.6845421812725,2533.395859750065,3140.3057567613723,3739.476831015405,4658.500221192546,2025-01-04,1,Texas,True
distributional_gaussian_nll_joint_base_spatial_no_donors_revised_visualization,2025-01-11,2025-01-18,1,48,1099.698952854471,1440.345777328469,1839.864175584964,2437.1984331182166,3240.884854200145,4243.074959324036,5658.6073865596445,2025-01-04,2,Texas,True
distributional_gaussian_nll_joint_base_spatial_no_donors_revised_visualization,2025-01-11,2025-01-25,2,48,800.8889050803609,1170.4407059979817,1616.6406809646958,2353.1923191120577,3369.2611274603214,4618.976942521185,6626.7827518579,2025-01-04,3,Texas,True
distributional_gaussian_nll_joint_base_spatial_no_donors_revised_visualization,2025-01-11,2025-02-01,3,48,689.7576123013255,1074.837629304143,1561.808070656978,2236.1321285654985,3489.3576629618988,5011.643870717788,7546.975680326828,2025-01-04,4,Texas,True
distributional_gaussian_nll_joint_base_spatial_no_donors_revised_visualization,2025-01-18,2025-01-18,0,48,1063.0736053092724,1302.993270636262,1593.4213654782077,1987.9784777306857,2455.3270112520163,2990.37138333906,3687.5679504200257,2025-01-11,1,Texas,True
distributional_gaussian_nll_joint_base_spatial_no_donors_revised_visualization,2025-01-18,2025-01-25,1,48,853.2999191452406,1122.4506865569815,1454.7290531606104,1957.8204420366285,2578.237322986023,3303.2350714402164,4357.401700962217,2025-01-11,2,Texas,True
distributional_gaussian_nll_joint_base_spatial_no_donors_revised_visualization,2025-01-18,2025-02-01,2,48,616.7172451147999,879.7085717907119,1218.7369854706103,1802.020496548236,2588.399248769293,3611.356862207795,5077.281339134103,2025-01-11,3,Texas,True
distributional_gaussian_nll_joint_base_spatial_no_donors_revised_visualization,2025-01-18,2025-02-08,3,48,450.3975909491608,702.6958296278713,1059.2841764658483,1674.4105011100262,2682.126183902074,3858.653554411142,5757.630250609776,2025-01-11,4,Texas,True
distributional_gaussian_nll_joint_base_spatial_no_donors_revised_visualization,2025-01-25,2025-01-25,0,48,1242.9994011542522,1539.9585817197772,1837.8063135359423,2280.711781108373,2730.887756223204,3262.5798438981506,3935.3933438122954,2025-01-18,1,Texas,True
distributional_gaussian_nll_joint_base_spatial_no_donors_revised_visualization,2025-01-25,2025-02-01,1,48,995.9769615255408,1297.9934312234482,1738.9156459286487,2250.032922014904,2817.35343711158,3611.516070276837,4704.3748854649775,2025-01-18,2,Texas,True
distributional_gaussian_nll_joint_base_spatial_no_donors_revised_visualization,2025-01-25,2025-02-08,2,48,662.0701547942151,971.3787637154308,1375.0334276551564,2000.2178594791112,2874.163797514696,3953.624332610937,5688.293544512748,2025-01-18,3,Texas,True
distributional_gaussian_nll_joint_base_spatial_no_donors_revised_visualization,2025-01-25,2025-02-15,3,48,487.87966493848,736.6926400285225,1106.2658921464222,1738.1916581064952,2731.613946749741,4210.213227209592,6536.209257839739,2025-01-18,4,Texas,True
distributional_gaussian_nll_joint_base_spatial_no_donors_revised_visualization,2025-02-01,2025-02-01,0,48,1666.7352026710355,2046.7073977224493,2438.430101875685,2967.8407597887995,3587.0236155411712,4263.521221114276,5219.032476745473,2025-01-25,1,Texas,True
distributional_gaussian_nll_joint_base_spatial_no_donors_revised_visualization,2025-02-01,2025-02-08,1,48,1315.7412484923043,1739.3008951317372,2156.4828833813644,2736.69541404342,3593.2300024600936,4633.329067476827,6042.607639063277,2025-01-25,2,Texas,True
distributional_gaussian_nll_joint_base_spatial_no_donors_revised_visualization,2025-02-01,2025-02-15,2,48,846.9960918793463,1258.6717365786951,1768.5601808148565,2498.303847106681,3595.4461514035384,5081.4186184318805,7303.993271895221,2025-01-25,3,Texas,True
distributional_gaussian_nll_joint_base_spatial_no_donors_revised_visualization,2025-02-01,2025-02-22,3,48,591.5059336504962,938.474458345374,1398.4049628162347,2195.800198872741,3436.385719928545,5169.41825023208,8107.621834546767,2025-01-25,4,Texas,True
distributional_gaussian_nll_joint_base_spatial_no_donors_revised_visualization,2025-02-08,2025-02-08,0,48,2281.152720668726,2817.5917823244317,3398.332927767555,4284.345421267421,5380.847456271689,6642.8321511014765,8451.953242416093,2025-02-01,1,Texas,True
distributional_gaussian_nll_joint_base_spatial_no_donors_revised_visualization,2025-02-08,2025-02-15,1,48,1767.3410748071196,2371.3298958636024,3052.4866787253804,4170.885615147992,5822.542762472229,7783.163928258666,10828.49827147354,2025-02-01,2,Texas,True
distributional_gaussian_nll_joint_base_spatial_no_donors_revised_visualization,2025-02-08,2025-02-22,2,48,1210.3513740777405,1717.4655111732857,2508.0392880649856,3767.2901065400906,5800.73220799212,8314.43186511306,12363.463624606098,2025-02-01,3,Texas,True
distributional_gaussian_nll_joint_base_spatial_no_donors_revised_visualization,2025-02-08,2025-03-01,3,48,861.7269796258524,1356.190254887647,2126.999486514631,3476.435709552896,5780.534044739191,8418.463018662274,13419.139146835783,2025-02-01,4,Texas,True
distributional_gaussian_nll_joint_base_spatial_no_donors_revised_visualization,2025-02-15,2025-02-15,0,48,1901.746393185256,2411.0612888642527,3053.7825368350886,3819.659164700232,4773.137396325578,6038.278105424453,7784.361826664062,2025-02-08,1,Texas,True
distributional_gaussian_nll_joint_base_spatial_no_donors_revised_visualization,2025-02-15,2025-02-22,1,48,1555.5657577152572,2125.610197270109,2779.566319197263,3737.102181114125,5092.227205906467,6551.941522311394,8640.068585881974,2025-02-08,2,Texas,True
distributional_gaussian_nll_joint_base_spatial_no_donors_revised_visualization,2025-02-15,2025-03-01,2,48,1162.6769022509502,1709.4065933261036,2453.6495874462853,3586.096294397784,5287.177491670253,7437.738087264017,11136.9528279648,2025-02-08,3,Texas,True
distributional_gaussian_nll_joint_base_spatial_no_donors_revised_visualization,2025-02-15,2025-03-08,3,48,888.5666078308268,1424.5001394679218,2172.7920160004333,3353.082573032375,5413.951701339083,8332.076017154803,12350.761123558355,2025-02-08,4,Texas,True
distributional_gaussian_nll_joint_base_spatial_no_donors_revised_visualization,2025-02-22,2025-02-22,0,48,1054.1785687377442,1321.6698121569073,1687.988458207392,2266.584234942976,2875.963647101612,3483.8393830317555,4496.933307281193,2025-02-15,1,Texas,True
distributional_gaussian_nll_joint_base_spatial_no_donors_revised_visualization,2025-02-22,2025-03-01,1,48,806.7383067000324,1114.5735372686763,1523.9717658809705,2169.2185871954407,2917.492638108817,3746.811208094309,4922.002830475449,2025-02-15,2,Texas,True
distributional_gaussian_nll_joint_base_spatial_no_donors_revised_visualization,2025-02-22,2025-03-08,2,48,619.895128813467,919.5956291380852,1254.6908361211822,1862.1571983591864,2877.7288575216758,3889.013531478313,5645.703123843003,2025-02-15,3,Texas,True
distributional_gaussian_nll_joint_base_spatial_no_donors_revised_visualization,2025-02-22,2025-03-15,3,48,514.3664475916336,800.6759162597456,1176.5298323091506,1802.189492398336,2923.7212223444008,4274.564398996865,6578.720758869333,2025-02-15,4,Texas,True
distributional_gaussian_nll_joint_base_spatial_no_donors_revised_visualization,2025-03-01,2025-03-01,0,48,860.2496810256587,1000.8648578562309,1214.56963655883,1487.3301508976328,1802.172275599016,2130.046798149022,2576.830377813434,2025-02-22,1,Texas,True
distributional_gaussian_nll_joint_base_spatial_no_donors_revised_visualization,2025-03-01,2025-03-08,1,48,706.6451453023026,895.7318252345724,1108.2894875283914,1419.4713249094684,1774.4660240044343,2140.719403760451,2719.890871462101,2025-02-22,2,Texas,True
distributional_gaussian_nll_joint_base_spatial_no_donors_revised_visualization,2025-03-01,2025-03-15,2,48,550.031145827377,742.261193974007,958.0242072499518,1276.6369192911395,1706.7158053795042,2229.105949843731,2969.469324331827,2025-02-22,3,Texas,True
distributional_gaussian_nll_joint_base_spatial_no_donors_revised_visualization,2025-03-01,2025-03-22,3,48,443.6793975685071,634.4156622881228,863.4629817321979,1208.7774917319978,1686.6615109762492,2278.365727710211,3188.5300709026365,2025-02-22,4,Texas,True
distributional_gaussian_nll_joint_base_spatial_no_donors_revised_visualization,2025-03-08,2025-03-08,0,48,745.9728019295787,882.7584233946534,1015.8688134971852,1239.8657627371113,1497.1183906712668,1754.8953649895006,2133.5091781096407,2025-03-01,1,Texas,True
distributional_gaussian_nll_joint_base_spatial_no_donors_revised_visualization,2025-03-08,2025-03-15,1,48,586.1960699283061,711.8881543153018,876.9108888282061,1107.4701744128347,1389.2870041046262,1674.0506289505647,2050.433491709394,2025-03-01,2,Texas,True
distributional_gaussian_nll_joint_base_spatial_no_donors_revised_visualization,2025-03-08,2025-03-22,2,48,386.7708075917021,519.5734771162564,681.0147566791157,897.0513393880973,1211.9236862694684,1586.6068678182296,2136.0430900615397,2025-03-01,3,Texas,True
distributional_gaussian_nll_joint_base_spatial_no_donors_revised_visualization,2025-03-08,2025-03-29,3,48,271.7353481712764,383.4331669960692,536.5337805420954,778.8315608342805,1068.5702438796166,1475.421317123937,2041.3516322547448,2025-03-01,4,Texas,True
distributional_gaussian_nll_joint_base_spatial_no_donors_revised_visualization,2025-03-15,2025-03-15,0,48,584.6676370893092,675.7055785919683,780.1882070696686,918.636435914388,1084.7683757732002,1224.526446718623,1418.9552642012816,2025-03-08,1,Texas,True
distributional_gaussian_nll_joint_base_spatial_no_donors_revised_visualization,2025-03-15,2025-03-22,1,48,456.9132777611262,545.7507449910862,656.7299359368603,785.3595656181453,929.985875227124,1108.3603113543295,1325.6001911298863,2025-03-08,2,Texas,True
distributional_gaussian_nll_joint_base_spatial_no_donors_revised_visualization,2025-03-15,2025-03-29,2,48,269.60726261912407,369.8503890048376,489.0589805612816,642.6353886622701,803.6264504956977,1027.404727439403,1391.3333725901011,2025-03-08,3,Texas,True
distributional_gaussian_nll_joint_base_spatial_no_donors_revised_visualization,2025-03-15,2025-04-05,3,48,199.8848888254556,266.07063935217275,356.15458195816075,473.8873319847719,635.7961783153685,883.5059302458694,1252.6422447653558,2025-03-08,4,Texas,True
distributional_gaussian_nll_joint_base_spatial_no_donors_revised_visualization,2025-03-22,2025-03-22,0,48,440.4464684992613,510.2081362286142,590.7050966221914,689.9185061112024,808.5259658447316,930.5464532197424,1090.052017049608,2025-03-15,1,Texas,True
distributional_gaussian_nll_joint_base_spatial_no_donors_revised_visualization,2025-03-22,2025-03-29,1,48,340.31227523659715,413.813903396952,487.7246284937708,594.779634478032,717.7912577676525,851.6604742554798,1035.3014677646731,2025-03-15,2,Texas,True
distributional_gaussian_nll_joint_base_spatial_no_donors_revised_visualization,2025-03-22,2025-04-05,2,48,208.20179531716843,276.43867408595804,356.04125004024866,472.6675339946895,603.0985125112782,791.2328113390099,1038.7299261679364,2025-03-15,3,Texas,True
distributional_gaussian_nll_joint_base_spatial_no_donors_revised_visualization,2025-03-22,2025-04-12,3,48,165.6993786264796,218.6154275849668,285.7747936770211,390.7927445309218,511.0630142630111,674.1220724774938,928.6387787187664,2025-03-15,4,Texas,True
distributional_gaussian_nll_joint_base_spatial_no_donors_revised_visualization,2025-03-29,2025-03-29,0,48,291.0743125715949,343.3151951237477,395.4043460252439,458.8668031520408,525.3312733039827,615.5088253974366,723.0054686084071,2025-03-22,1,Texas,True
distributional_gaussian_nll_joint_base_spatial_no_donors_revised_visualization,2025-03-29,2025-04-05,1,48,222.26484576785052,267.50765684239946,313.942408899276,375.0397391645928,458.91527553019057,541.1670951051599,654.2588698388322,2025-03-22,2,Texas,True
distributional_gaussian_nll_joint_base_spatial_no_donors_revised_visualization,2025-03-29,2025-04-12,2,48,130.19472899725645,173.49248279288645,219.27478705322088,294.3941398180877,387.1912469717899,507.3101659128174,660.6583282363808,2025-03-22,3,Texas,True
distributional_gaussian_nll_joint_base_spatial_no_donors_revised_visualization,2025-03-29,2025-04-19,3,48,102.27291105148424,137.26805465958086,178.1121627121138,239.0953284988536,325.9719557212308,433.1361805528806,579.1848004971471,2025-03-22,4,Texas,True
distributional_gaussian_nll_joint_base_spatial_no_donors_revised_visualization,2025-04-05,2025-04-05,0,48,203.62929808029355,236.63845741414943,274.0252033872829,322.07842246538644,392.35236997766486,440.6692114236144,504.4507400582305,2025-03-29,1,Texas,True
distributional_gaussian_nll_joint_base_spatial_no_donors_revised_visualization,2025-04-05,2025-04-12,1,48,142.813816114351,174.16614056346447,203.84830214563425,251.97184290606344,305.1037302976222,370.7376205070518,464.65020870919295,2025-03-29,2,Texas,True
distributional_gaussian_nll_joint_base_spatial_no_donors_revised_visualization,2025-04-05,2025-04-19,2,48,83.98723080778599,115.30326909247344,147.05991769589485,195.2289028442644,257.05712768428833,337.33468452328066,452.8937913431161,2025-03-29,3,Texas,True
distributional_gaussian_nll_joint_base_spatial_no_donors_revised_visualization,2025-04-05,2025-04-26,3,48,59.19640695524775,81.11215277141181,116.36437438206671,168.00400267401972,232.04755420498367,310.91884285133654,412.7320913008099,2025-03-29,4,Texas,True
distributional_gaussian_nll_joint_base_spatial_no_donors_revised_visualization,2025-04-12,2025-04-12,0,48,106.78808009764528,144.95880523307525,185.45863013506093,252.16325035669084,337.07394460339526,417.6863381654606,539.4987145012612,2025-04-05,1,Texas,True
distributional_gaussian_nll_joint_base_spatial_no_donors_revised_visualization,2025-04-12,2025-04-19,1,48,72.40469517549981,99.47702239125556,134.5791518719498,191.14744097168204,260.9099297941655,358.63669384531966,489.9802505308203,2025-04-05,2,Texas,True
distributional_gaussian_nll_joint_base_spatial_no_donors_revised_visualization,2025-04-12,2025-04-26,2,48,44.19351027778911,64.49799188521193,94.24420292742374,145.31578930639853,216.56513408878757,313.56546307561246,469.14432852682125,2025-04-05,3,Texas,True
distributional_gaussian_nll_joint_base_spatial_no_donors_revised_visualization,2025-04-12,2025-05-03,3,48,29.66387678490281,48.025040828488976,73.34908938408938,118.87420635982691,186.9292091775925,278.70643964625344,439.2975984339595,2025-04-05,4,Texas,True
distributional_gaussian_nll_joint_base_spatial_no_donors_revised_visualization,2025-04-19,2025-04-19,0,48,98.32060635130225,129.26201558147105,165.04280956781528,223.8880449568437,299.9192345794216,392.3438162885119,519.9802269751656,2025-04-12,1,Texas,True
distributional_gaussian_nll_joint_base_spatial_no_donors_revised_visualization,2025-04-19,2025-04-26,1,48,63.64021923900116,90.49611180838576,123.86254180621523,178.32275598196026,253.3350906070529,348.7112168503229,494.1029993972855,2025-04-12,2,Texas,True
distributional_gaussian_nll_joint_base_spatial_no_donors_revised_visualization,2025-04-19,2025-05-03,2,48,37.43865427140024,58.76965181621844,90.73913240358772,143.42740634917135,217.37883110467084,322.737093860707,505.4172207471721,2025-04-12,3,Texas,True
distributional_gaussian_nll_joint_base_spatial_no_donors_revised_visualization,2025-04-19,2025-05-10,3,48,25.95693944647472,43.44365481804736,69.32495600407282,117.6277320780805,192.58137745496776,304.7173517949782,509.3891530220046,2025-04-12,4,Texas,True
distributional_gaussian_nll_joint_base_spatial_no_donors_revised_visualization,2025-04-26,2025-04-26,0,48,70.48117745518442,102.81373894804696,143.46472436800553,201.0024142157181,304.4319276288662,423.4749600222883,610.4606012589625,2025-04-19,1,Texas,True
distributional_gaussian_nll_joint_base_spatial_no_donors_revised_visualization,2025-04-26,2025-05-03,1,48,44.76669837851741,71.07997716480143,104.91245145209028,163.13376503848104,263.5915417698151,398.44502073352135,626.7368122468839,2025-04-19,2,Texas,True
distributional_gaussian_nll_joint_base_spatial_no_donors_revised_visualization,2025-04-26,2025-05-10,2,48,25.57288918994089,45.79188258864086,72.90997754535695,129.09292778381928,220.29976182048915,345.40346995628084,576.8969075101365,2025-04-19,3,Texas,True
distributional_gaussian_nll_joint_base_spatial_no_donors_revised_visualization,2025-04-26,2025-05-17,3,48,16.282552209967104,31.053101460540123,53.650664484476295,100.55846049681789,186.69325238737295,324.5769814645347,601.1011430273243,2025-04-19,4,Texas,True
distributional_gaussian_nll_joint_base_spatial_no_donors_revised_visualization,2025-05-03,2025-05-03,0,48,49.44440331161499,74.19142440851698,111.16455702248264,169.33577815198282,244.9463361897667,345.0120483927527,508.8332307737052,2025-04-26,1,Texas,True
distributional_gaussian_nll_joint_base_spatial_no_donors_revised_visualization,2025-05-03,2025-05-10,1,48,29.022441500488988,49.39289440867369,76.65466583654188,132.92898749235638,212.7727981303555,322.1671689494217,533.9444292451415,2025-04-26,2,Texas,True
distributional_gaussian_nll_joint_base_spatial_no_donors_revised_visualization,2025-05-03,2025-05-17,2,48,14.77692026306549,28.499923149446,50.636584418461126,96.10338546191583,174.41424655727087,311.7759884756508,588.3427015881306,2025-04-26,3,Texas,True
distributional_gaussian_nll_joint_base_spatial_no_donors_revised_visualization,2025-05-03,2025-05-24,3,48,8.580964091169594,18.62964719228053,35.7783371220917,76.20237642661418,149.51678734828215,284.05261397439835,600.9309810827281,2025-04-26,4,Texas,True
distributional_gaussian_nll_joint_base_spatial_no_donors_revised_visualization,2025-05-10,2025-05-10,0,48,44.18561564219531,65.66929090404373,92.36535117800057,139.1052596992899,212.25824081034503,294.8474723755815,425.75682941923,2025-05-03,1,Texas,True
distributional_gaussian_nll_joint_base_spatial_no_donors_revised_visualization,2025-05-10,2025-05-17,1,48,26.99676619832573,43.46035465404398,66.41513389880402,108.56204515363184,183.4373704273378,275.88813314338574,452.58898385681954,2025-05-03,2,Texas,True
distributional_gaussian_nll_joint_base_spatial_no_donors_revised_visualization,2025-05-10,2025-05-24,2,48,14.872670395310823,27.56121437599949,47.07852527027846,84.94898373300819,160.35969758070576,265.79117368726725,477.2698715257852,2025-05-03,3,Texas,True
distributional_gaussian_nll_joint_base_spatial_no_donors_revised_visualization,2025-05-10,2025-05-31,3,48,10.192767514740552,20.432760036740763,36.58129020765155,68.88416577389722,137.6029384588486,251.9161319468192,476.7360599626904,2025-05-03,4,Texas,True
distributional_gaussian_nll_joint_base_spatial_no_donors_revised_visualization,2025-05-17,2025-05-17,0,48,41.20296322352894,60.58104219724807,85.60927017571754,127.43730301994816,179.53014729794808,248.2793583534352,365.2526710187362,2025-05-10,1,Texas,True
distributional_gaussian_nll_joint_base_spatial_no_donors_revised_visualization,2025-05-17,2025-05-24,1,48,25.4202570696944,41.28534618200913,63.2855613812641,101.19172303180773,158.92851699384198,239.8052273468638,376.58588993932426,2025-05-10,2,Texas,True
distributional_gaussian_nll_joint_base_spatial_no_donors_revised_visualization,2025-05-17,2025-05-31,2,48,13.147679812782432,24.2358017676318,41.92964618305573,75.51465692531193,137.78017057405117,237.9816467815097,404.87819840038026,2025-05-10,3,Texas,True
distributional_gaussian_nll_joint_base_spatial_no_donors_revised_visualization,2025-05-17,2025-06-07,3,48,8.013077123709689,16.64640189840332,31.218679218952477,61.60415880469535,119.98524679036186,219.2179761095075,414.0473060156584,2025-05-10,4,Texas,True
distributional_gaussian_nll_joint_base_spatial_no_donors_revised_visualization,2025-05-24,2025-05-24,0,48,32.714851272337185,53.5845914880526,83.18182480256557,135.96304506888072,223.0604881577489,345.41127219948635,553.4519942307743,2025-05-17,1,Texas,True
distributional_gaussian_nll_joint_base_spatial_no_donors_revised_visualization,2025-05-24,2025-05-31,1,48,18.78013152926132,34.218578179446176,58.79066304884138,106.62086893843674,191.7531519521889,323.9578415322962,574.2805718312039,2025-05-17,2,Texas,True
distributional_gaussian_nll_joint_base_spatial_no_donors_revised_visualization,2025-05-24,2025-06-07,2,48,9.921840461357078,20.66723872315564,39.04259748312045,78.88849184312787,163.38758941981257,302.15589693874074,592.6733474482437,2025-05-17,3,Texas,True
distributional_gaussian_nll_joint_base_spatial_no_donors_revised_visualization,2025-05-24,2025-06-14,3,48,6.650189679181004,14.791256467259162,30.527604985792458,65.94418844956272,143.65543092374156,288.46638806691584,612.6550770556241,2025-05-17,4,Texas,True
distributional_gaussian_nll_joint_base_spatial_no_donors_revised_visualization,2025-05-31,2025-05-31,0,48,24.246749413093426,40.48625256406459,63.32403409298409,108.9967637906756,175.85879818443823,275.7599398865348,449.86713758646704,2025-05-24,1,Texas,True
distributional_gaussian_nll_joint_base_spatial_no_donors_revised_visualization,2025-05-31,2025-06-07,1,48,13.043597752697742,24.58591661882088,42.993901398488624,81.15260895466199,156.14992626714252,259.5180862892587,460.1351423471186,2025-05-24,2,Texas,True
distributional_gaussian_nll_joint_base_spatial_no_donors_revised_visualization,2025-05-31,2025-06-14,2,48,7.176955345223332,15.553986878877774,29.824390379640203,59.29112670787084,125.97822614335443,236.10377465735257,469.0939879570229,2025-05-24,3,Texas,True
distributional_gaussian_nll_joint_base_spatial_no_donors_revised_visualization,2025-05-31,2025-06-21,3,48,4.5451081969140805,10.82416331498726,22.19487949697008,48.51078090834877,107.88204225193422,212.82854134020465,459.0414609125078,2025-05-24,4,Texas,True
distributional_gaussian_nll_joint_base_spatial_no_donors_revised_visualization,2025-06-07,2025-06-07,0,48,22.10215853491481,36.64987936483461,58.69489941382992,97.41385197123977,161.45042997002253,259.8265133154158,423.1439584156518,2025-05-31,1,Texas,True
distributional_gaussian_nll_joint_base_spatial_no_donors_revised_visualization,2025-06-07,2025-06-14,1,48,13.135809530633743,25.128680176245155,43.28932411254767,80.00861374196768,144.00542563349214,245.8071664524469,443.293032302177,2025-05-31,2,Texas,True
distributional_gaussian_nll_joint_base_spatial_no_donors_revised_visualization,2025-06-07,2025-06-21,2,48,7.756132711848181,16.05139302183568,30.941263654751715,65.55226286441612,131.14536590717418,241.44493751617904,479.4354726046506,2025-05-31,3,Texas,True
distributional_gaussian_nll_joint_base_spatial_no_donors_revised_visualization,2025-06-07,2025-06-28,3,48,4.910660862047407,11.488891307642596,24.095676527363537,54.40588523359965,117.16057084866308,236.81047360245927,504.5149602602904,2025-05-31,4,Texas,True
distributional_gaussian_nll_joint_base_spatial_no_donors_revised_visualization,2025-06-14,2025-06-14,0,48,13.960857232019304,26.00818609795387,44.75237349085423,84.61816486243418,162.01503362227874,291.98270771789146,552.4386787704199,2025-06-07,1,Texas,True
distributional_gaussian_nll_joint_base_spatial_no_donors_revised_visualization,2025-06-14,2025-06-21,1,48,8.71971915326214,17.865208176134495,34.39724859504092,68.62113083379244,138.1109845726085,269.0201042482747,589.9066400558231,2025-06-07,2,Texas,True
distributional_gaussian_nll_joint_base_spatial_no_donors_revised_visualization,2025-06-14,2025-06-28,2,48,4.529706903784732,11.96473519045226,25.517479286481105,55.90525201666867,124.54637988112044,267.6923818926259,621.0361217175151,2025-06-07,3,Texas,True
distributional_gaussian_nll_joint_base_spatial_no_donors_revised_visualization,2025-06-14,2025-07-05,3,48,3.272704858242695,8.859297463837493,19.865200110397492,46.92123468273986,112.2298664320796,240.8185797771674,557.5468927928189,2025-06-07,4,Texas,True
distributional_gaussian_nll_joint_base_spatial_no_donors_revised_visualization,2025-06-21,2025-06-21,0,48,13.411578795326324,25.727955952599388,43.94642976418899,82.7716861686716,150.93454507960598,263.53463551597883,489.63226880162097,2025-06-14,1,Texas,True
distributional_gaussian_nll_joint_base_spatial_no_donors_revised_visualization,2025-06-21,2025-06-28,1,48,7.214905152065087,16.089133116669238,32.12718201626966,65.77016447052458,134.6501948971738,249.08503437361765,496.1163832671743,2025-06-14,2,Texas,True
distributional_gaussian_nll_joint_base_spatial_no_donors_revised_visualization,2025-06-21,2025-07-05,2,48,4.705442050534206,11.8387531175652,24.26288236386456,56.30176569198101,126.19701913854104,254.0256665230659,572.8762132839132,2025-06-14,3,Texas,True
distributional_gaussian_nll_joint_base_spatial_no_donors_revised_visualization,2025-06-21,2025-07-12,3,48,3.283707944447259,9.099338014843257,20.43038353106619,48.840401938321065,111.96808380689195,232.81009112293023,534.490747478299,2025-06-14,4,Texas,True
distributional_gaussian_nll_joint_base_spatial_no_donors_revised_visualization,2025-06-28,2025-06-28,0,48,14.77253994654031,26.052031106597667,43.830460606422776,80.00775999800571,141.35035695544275,233.94073471279447,423.6200846306198,2025-06-21,1,Texas,True
distributional_gaussian_nll_joint_base_spatial_no_donors_revised_visualization,2025-06-28,2025-07-05,1,48,9.290822191422452,18.77074608743892,34.71998643995964,66.74131123909977,126.2307900643702,224.0884969047985,432.88438073036,2025-06-21,2,Texas,True
distributional_gaussian_nll_joint_base_spatial_no_donors_revised_visualization,2025-06-28,2025-07-12,2,48,5.467053249432663,12.359254688704189,25.1662620362836,53.48314021007396,112.44577914994042,220.279373321481,458.05689942989017,2025-06-21,3,Texas,True
distributional_gaussian_nll_joint_base_spatial_no_donors_revised_visualization,2025-06-28,2025-07-19,3,48,3.8939969917457966,9.691472017968266,20.90232250251428,45.53605068678069,99.59266859109968,206.130007439339,449.0569388332341,2025-06-21,4,Texas,True
distributional_gaussian_nll_joint_base_spatial_no_donors_revised_visualization,2025-07-05,2025-07-05,0,48,11.773826866037044,22.579435872534823,39.22448081277675,71.97322296184795,129.064636010065,220.9154621129362,377.64335998320166,2025-06-28,1,Texas,True
distributional_gaussian_nll_joint_base_spatial_no_donors_revised_visualization,2025-07-05,2025-07-12,1,48,7.880038905575004,16.668071202313943,31.031972576828423,61.60667428699978,118.00769314304937,213.84254615149467,405.3650576787672,2025-06-28,2,Texas,True
distributional_gaussian_nll_joint_base_spatial_no_donors_revised_visualization,2025-07-05,2025-07-19,2,48,5.001496005744976,11.627010334617593,23.236492696768348,49.01523632492284,102.2327369574884,201.41436890856608,435.76191445344944,2025-06-28,3,Texas,True
distributional_gaussian_nll_joint_base_spatial_no_donors_revised_visualization,2025-07-05,2025-07-26,3,48,3.65881788658112,9.502105421381271,20.138331437453168,44.127947751572506,94.6960397011212,198.24638154529487,444.2463383076792,2025-06-28,4,Texas,True
distributional_gaussian_nll_joint_base_spatial_no_donors_revised_visualization,2025-07-12,2025-07-12,0,48,9.15256193143657,17.42691306044435,30.12969776367932,54.288537525903934,98.59159067844952,170.34765679361738,301.99629166012045,2025-07-05,1,Texas,True
distributional_gaussian_nll_joint_base_spatial_no_donors_revised_visualization,2025-07-12,2025-07-19,1,48,6.145386661421957,13.052889669893649,24.692545421753707,49.71124499819683,98.44672217735793,177.69608243974062,334.53657404871893,2025-07-05,2,Texas,True
distributional_gaussian_nll_joint_base_spatial_no_donors_revised_visualization,2025-07-12,2025-07-26,2,48,3.922174484735955,9.222461248206542,18.906630748578745,40.94008190377235,89.46599471891273,178.45302309205675,374.6080665211106,2025-07-05,3,Texas,True
distributional_gaussian_nll_joint_base_spatial_no_donors_revised_visualization,2025-07-12,2025-08-02,3,48,2.7740288965480167,7.186995996276936,16.352411662236253,36.30029104738888,83.13460021225839,177.5740125139273,393.0564926409027,2025-07-05,4,Texas,True
distributional_gaussian_nll_joint_base_spatial_no_donors_revised_visualization,2025-07-19,2025-07-19,0,48,10.148793748600088,19.055844534926976,32.67665014469792,58.65702043646057,104.6292686011093,180.14335057135656,313.5574521340353,2025-07-12,1,Texas,True
distributional_gaussian_nll_joint_base_spatial_no_donors_revised_visualization,2025-07-19,2025-07-26,1,48,6.755730874709293,14.428658550167516,28.02606127663015,55.3311933634183,106.18388208635994,183.57064324014823,369.9545677335298,2025-07-12,2,Texas,True
distributional_gaussian_nll_joint_base_spatial_no_donors_revised_visualization,2025-07-19,2025-08-02,2,48,5.119669231723567,11.63989483990722,22.91999573553827,49.79368586311512,107.77239917527068,209.6882987040423,437.1280255044732,2025-07-12,3,Texas,True
distributional_gaussian_nll_joint_base_spatial_no_donors_revised_visualization,2025-07-19,2025-08-09,3,48,4.1340036063997605,10.03494672824733,20.796466590243988,47.1913928313498,104.04411464617364,211.02583689594556,450.4058187447641,2025-07-12,4,Texas,True
distributional_gaussian_nll_joint_base_spatial_no_donors_revised_visualization,2025-07-26,2025-07-26,0,48,18.243135590861115,31.557055221284045,51.12202425820496,84.74023541709234,145.75818085401283,232.5628296724328,392.4461909711428,2025-07-19,1,Texas,True
distributional_gaussian_nll_joint_base_spatial_no_donors_revised_visualization,2025-07-26,2025-08-02,1,48,13.44770937369544,25.793600666222872,45.553214202799374,85.34624651565935,158.3928839489551,272.9068096343899,496.74644697198494,2025-07-19,2,Texas,True
distributional_gaussian_nll_joint_base_spatial_no_donors_revised_visualization,2025-07-26,2025-08-09,2,48,10.041940283818956,21.53059765175427,41.24798388398568,82.98753673286427,163.1839963694737,299.3393389706243,583.4456053048734,2025-07-19,3,Texas,True
distributional_gaussian_nll_joint_base_spatial_no_donors_revised_visualization,2025-07-26,2025-08-16,3,48,8.885168795505907,19.63293773657028,38.90503636502916,81.41106121231329,168.4388874808543,321.2891012933587,664.9018561559988,2025-07-19,4,Texas,True
distributional_gaussian_nll_joint_base_spatial_no_donors_revised_visualization,2025-08-02,2025-08-02,0,48,16.278287973437962,27.801324607899,44.13554338168558,71.97981005051804,115.99617157358745,180.79735785508444,296.5107970024072,2025-07-26,1,Texas,True
distributional_gaussian_nll_joint_base_spatial_no_donors_revised_visualization,2025-08-02,2025-08-09,1,48,12.570968515489929,23.386722644425195,40.8836774852342,71.79777337793733,126.0096524560752,215.5792783856136,392.3001459328126,2025-07-26,2,Texas,True
distributional_gaussian_nll_joint_base_spatial_no_donors_revised_visualization,2025-08-02,2025-08-16,2,48,10.651426394362606,21.8862383923395,39.55427480572634,74.75081765328592,147.30708250513254,279.280391175002,549.5262595073858,2025-07-26,3,Texas,True
distributional_gaussian_nll_joint_base_spatial_no_donors_revised_visualization,2025-08-02,2025-08-23,3,48,10.10831521981901,20.4819058751984,40.83498387905405,82.16633420145703,162.3001540980217,320.0064373931283,657.3778608733351,2025-07-26,4,Texas,True
distributional_gaussian_nll_joint_base_spatial_no_donors_revised_visualization,2025-08-09,2025-08-09,0,48,20.324940539286416,33.516985886274725,52.11775203493367,83.40888670041085,135.23274731212328,207.8155268435297,336.2036659417172,2025-08-02,1,Texas,True
distributional_gaussian_nll_joint_base_spatial_no_donors_revised_visualization,2025-08-09,2025-08-16,1,48,16.699357567301572,29.35812215951084,49.03627085704716,84.43425360947398,147.2837571843122,238.82563340823305,418.973147270884,2025-08-02,2,Texas,True
distributional_gaussian_nll_joint_base_spatial_no_donors_revised_visualization,2025-08-09,2025-08-23,2,48,13.323597172936449,26.078289573165414,46.70921316690955,86.98020883125164,177.98134321744678,329.4652165949948,629.0243581486795,2025-08-02,3,Texas,True
distributional_gaussian_nll_joint_base_spatial_no_donors_revised_visualization,2025-08-09,2025-08-30,3,48,12.371017789240293,25.59722364262912,47.79977520556935,98.12268470080338,203.71979018328548,393.4270637649249,792.5433687492792,2025-08-02,4,Texas,True
distributional_gaussian_nll_joint_base_spatial_no_donors_revised_visualization,2025-08-16,2025-08-16,0,48,22.67213734779423,36.826759625959696,56.69589229067493,86.62479333142598,136.50119780167563,211.2799029818561,333.8521093315272,2025-08-09,1,Texas,True
distributional_gaussian_nll_joint_base_spatial_no_donors_revised_visualization,2025-08-16,2025-08-23,1,48,19.492789584931323,33.051770716816435,53.98966688052932,90.39600809657388,153.9552205936155,245.38696432507305,414.403003300616,2025-08-09,2,Texas,True
distributional_gaussian_nll_joint_base_spatial_no_donors_revised_visualization,2025-08-16,2025-08-30,2,48,16.141081715433828,29.76208333943661,53.07969008742364,96.32621494989644,178.8402946823265,312.99890672590107,584.3556938038753,2025-08-09,3,Texas,True
distributional_gaussian_nll_joint_base_spatial_no_donors_revised_visualization,2025-08-16,2025-09-06,3,48,15.122765192718957,30.376914907960067,54.76810117817186,104.8013218821726,203.0796160917456,384.0544741605105,746.6752185644779,2025-08-09,4,Texas,True
distributional_gaussian_nll_joint_base_spatial_no_donors_revised_visualization,2025-08-23,2025-08-23,0,48,21.90731005274134,34.15571742954022,49.78288006720128,75.75848555864566,119.22278607848808,173.02903308906826,263.8816854049029,2025-08-16,1,Texas,True
distributional_gaussian_nll_joint_base_spatial_no_donors_revised_visualization,2025-08-23,2025-08-30,1,48,17.49497448856791,29.631192507804705,46.39509242648218,76.07849894908844,125.16072714603963,197.40682154016872,319.903200212569,2025-08-16,2,Texas,True
distributional_gaussian_nll_joint_base_spatial_no_donors_revised_visualization,2025-08-23,2025-09-06,2,48,15.131873168658776,27.140000207198653,44.52847210423913,78.02936314459251,136.29778629711586,222.02361756526489,393.19893510886936,2025-08-16,3,Texas,True
distributional_gaussian_nll_joint_base_spatial_no_donors_revised_visualization,2025-08-23,2025-09-13,3,48,14.107050033679087,27.40438800636889,47.01920956326242,85.49860167959861,159.15845665861633,263.6577857483494,469.159153681277,2025-08-16,4,Texas,True
distributional_gaussian_nll_joint_base_spatial_no_donors_revised_visualization,2025-08-30,2025-08-30,0,48,23.6051257540068,35.93704776318056,51.75183314570593,79.72704337807562,123.5167310591844,183.58277624021864,281.7985857929372,2025-08-23,1,Texas,True
distributional_gaussian_nll_joint_base_spatial_no_donors_revised_visualization,2025-08-30,2025-09-06,1,48,18.27310551091115,30.661321186013488,48.48528538601668,79.31685724050602,135.52788359969213,215.92346593944853,359.50166841508565,2025-08-23,2,Texas,True
distributional_gaussian_nll_joint_base_spatial_no_donors_revised_visualization,2025-08-30,2025-09-13,2,48,14.521262138573674,26.502026643181395,45.116040586428106,79.58423496761556,146.6555709165624,242.86972399933265,433.0397278321653,2025-08-23,3,Texas,True
distributional_gaussian_nll_joint_base_spatial_no_donors_revised_visualization,2025-08-30,2025-09-20,3,48,13.542697806933273,26.460632702776657,46.3684333452922,86.15573295522654,164.32575195712133,272.0142946339326,490.8213901724018,2025-08-23,4,Texas,True
distributional_gaussian_nll_joint_base_spatial_no_donors_revised_visualization,2025-09-06,2025-09-06,0,48,24.85561419984483,38.384047968791,56.13954999437052,84.07134384370067,128.2279192760419,186.6497359202048,279.2030361551309,2025-08-30,1,Texas,True
distributional_gaussian_nll_joint_base_spatial_no_donors_revised_visualization,2025-09-06,2025-09-13,1,48,19.83785268513958,33.35891570145641,52.53509524366221,84.27757464262842,135.76751881209557,212.6876588494116,349.0584848141902,2025-08-30,2,Texas,True
distributional_gaussian_nll_joint_base_spatial_no_donors_revised_visualization,2025-09-06,2025-09-20,2,48,16.651818544084975,29.366925366787047,48.45915557777296,82.12323827820141,141.8354815980095,237.9590559512864,415.3540399636839,2025-08-30,3,Texas,True
distributional_gaussian_nll_joint_base_spatial_no_donors_revised_visualization,2025-09-06,2025-09-27,3,48,15.251231258583704,29.24225179361076,48.36929418696798,86.78041198658372,158.51252737266867,276.0228119787659,502.7449345865314,2025-08-30,4,Texas,True
distributional_gaussian_nll_joint_base_spatial_no_donors_revised_visualization,2025-09-13,2025-09-13,0,48,30.0196352799731,45.24792431198904,65.18045442202366,95.5123728325812,145.63466644389075,206.0848328708918,310.02727788415973,2025-09-06,1,Texas,True
distributional_gaussian_nll_joint_base_spatial_no_donors_revised_visualization,2025-09-13,2025-09-20,1,48,24.91209710091749,40.502322369784586,59.83883435552048,94.48001520827049,154.51528549442418,244.20563643125456,395.52657302491946,2025-09-06,2,Texas,True
distributional_gaussian_nll_joint_base_spatial_no_donors_revised_visualization,2025-09-13,2025-09-27,2,48,20.53739659187344,36.188676262983535,55.62304731282576,93.72303740401028,163.42285281239998,274.7605695203968,489.5027878319616,2025-09-06,3,Texas,True
distributional_gaussian_nll_joint_base_spatial_no_donors_revised_visualization,2025-09-13,2025-10-04,3,48,18.726000397294,34.09400873975055,56.87205862032373,101.73280932222764,184.5233148720076,321.556314420654,578.3095942132139,2025-09-06,4,Texas,True
distributional_gaussian_nll_joint_base_spatial_no_donors_revised_visualization,2025-09-20,2025-09-20,0,48,32.950736446600416,50.61639723375927,74.15923251409924,113.27406284245282,171.9915573243286,255.54414491075195,393.0079752284429,2025-09-13,1,Texas,True
distributional_gaussian_nll_joint_base_spatial_no_donors_revised_visualization,2025-09-20,2025-09-27,1,48,27.6167208553333,44.66495330144844,69.62210429528254,112.74305571505008,184.1276110608116,290.6207766088362,467.27241910540295,2025-09-13,2,Texas,True
distributional_gaussian_nll_joint_base_spatial_no_donors_revised_visualization,2025-09-20,2025-10-04,2,48,23.124617693729935,39.38668693498292,64.8766478892929,111.40948103316512,188.62370462143525,312.76465275449243,534.409142941031,2025-09-13,3,Texas,True
distributional_gaussian_nll_joint_base_spatial_no_donors_revised_visualization,2025-09-20,2025-10-11,3,48,20.11185736925452,36.58004563995805,62.71916457651256,115.24703636722089,205.06798069950133,362.5263686991666,658.3614458789316,2025-09-13,4,Texas,True
distributional_gaussian_nll_joint_base_spatial_no_donors_revised_visualization,2025-09-27,2025-09-27,0,48,27.998443885266724,44.27214327636867,67.21897408779608,105.81004419041508,171.31434808002422,261.29941909724795,409.1773597140723,2025-09-20,1,Texas,True
distributional_gaussian_nll_joint_base_spatial_no_donors_revised_visualization,2025-09-27,2025-10-04,1,48,23.15290281957754,39.35915592269991,62.91712108607078,106.90171830776671,181.5625418137882,288.44507018825993,483.5516332209828,2025-09-20,2,Texas,True
distributional_gaussian_nll_joint_base_spatial_no_donors_revised_visualization,2025-09-27,2025-10-11,2,48,20.054130412942516,36.00411600327337,59.825176134651656,105.18040622435768,187.68247293785168,314.9475524766743,553.089211924474,2025-09-20,3,Texas,True
distributional_gaussian_nll_joint_base_spatial_no_donors_revised_visualization,2025-09-27,2025-10-18,3,48,17.863286307721104,33.98555395899788,60.65097114581665,108.55591852626178,208.45620897340945,351.9650976762064,638.8830982109334,2025-09-20,4,Texas,True
distributional_gaussian_nll_joint_base_spatial_no_donors_revised_visualization,2025-10-04,2025-10-04,0,48,32.10620824050644,49.2503075788447,70.7400706825787,107.0956575053402,170.0527461627522,248.94429165100792,373.21780322508766,2025-09-27,1,Texas,True
distributional_gaussian_nll_joint_base_spatial_no_donors_revised_visualization,2025-10-04,2025-10-11,1,48,27.422103268578145,45.86980057524417,68.45249914891082,106.62384655838608,181.96618948014864,281.70384146085456,444.43536738926286,2025-09-27,2,Texas,True
distributional_gaussian_nll_joint_base_spatial_no_donors_revised_visualization,2025-10-04,2025-10-18,2,48,23.733018056421507,41.81612952941851,66.75629745348287,108.43625273791436,189.99478942496643,307.8285140166068,521.87336607214,2025-09-27,3,Texas,True
distributional_gaussian_nll_joint_base_spatial_no_donors_revised_visualization,2025-10-04,2025-10-25,3,48,24.19326100057163,43.33609359233347,69.4579679385142,115.25895416000596,215.81266504053775,360.4330221940671,640.4313782745126,2025-09-27,4,Texas,True
distributional_gaussian_nll_joint_base_spatial_no_donors_revised_visualization,2025-10-11,2025-10-11,0,48,36.27547644365566,56.91511938123337,84.38220898320498,132.71407859936053,205.78600049578543,293.3818611854459,447.46333236329474,2025-10-04,1,Texas,True
distributional_gaussian_nll_joint_base_spatial_no_donors_revised_visualization,2025-10-11,2025-10-18,1,48,35.874646988169275,59.1644722972115,90.47297432773884,150.12226453325047,240.5385607066885,387.2088936050402,646.9721210810328,2025-10-04,2,Texas,True
distributional_gaussian_nll_joint_base_spatial_no_donors_revised_visualization,2025-10-11,2025-10-25,2,48,39.50037421762521,68.49476848080815,113.90686393547992,197.92902952868764,356.1106572577712,588.9870157217858,1020.1789185853964,2025-10-04,3,Texas,True
distributional_gaussian_nll_joint_base_spatial_no_donors_revised_visualization,2025-10-11,2025-11-01,3,48,40.022168710141045,72.12946042484153,124.70473673209574,225.26033484497364,412.769769856769,708.8177681896539,1268.4583213462338,2025-10-04,4,Texas,True
distributional_gaussian_nll_joint_base_spatial_no_donors_revised_visualization,2025-10-18,2025-10-18,0,48,65.36143549476195,89.47654976178785,119.32899579766656,171.73694244069594,246.73609466523015,341.7624663319933,463.56418695379193,2025-10-11,1,Texas,True
distributional_gaussian_nll_joint_base_spatial_no_donors_revised_visualization,2025-10-18,2025-10-25,1,48,66.81801309504485,94.5729336037349,133.3434794064312,199.58504354817265,298.90747135557376,427.47678109229406,638.5850959405061,2025-10-11,2,Texas,True
distributional_gaussian_nll_joint_base_spatial_no_donors_revised_visualization,2025-10-18,2025-11-01,2,48,81.23958508370237,119.21274391812604,177.41190564825698,268.2568515610553,441.84314799093096,665.6976821975389,1064.5275304172667,2025-10-11,3,Texas,True
distributional_gaussian_nll_joint_base_spatial_no_donors_revised_visualization,2025-10-18,2025-11-08,3,48,75.5189893418983,123.72912464736832,180.1782314891625,293.17859141805604,514.2476011073484,829.5465338665974,1358.8367975366452,2025-10-11,4,Texas,True
distributional_gaussian_nll_joint_base_spatial_no_donors_revised_visualization,2025-10-25,2025-10-25,0,48,74.18807936661392,99.78022239990528,130.217042098682,181.59599401624277,260.0392031928809,341.513983742678,455.1314760682124,2025-10-18,1,Texas,True
distributional_gaussian_nll_joint_base_spatial_no_donors_revised_visualization,2025-10-25,2025-11-01,1,48,72.56457467627887,102.47004770923468,136.83395785013948,200.72726935039103,311.8872015902488,434.2013584960889,599.6296106543532,2025-10-18,2,Texas,True
distributional_gaussian_nll_joint_base_spatial_no_donors_revised_visualization,2025-10-25,2025-11-08,2,48,80.78011427050403,117.69927680308987,160.75113696155913,255.9707678408001,441.0544184108736,673.4815898605631,1043.195947952413,2025-10-18,3,Texas,True
distributional_gaussian_nll_joint_base_spatial_no_donors_revised_visualization,2025-10-25,2025-11-15,3,48,76.31245941092962,119.1930549579055,168.35254327888455,277.4879681823054,548.2891368686337,872.6271624203316,1422.2385540169637,2025-10-18,4,Texas,True
distributional_gaussian_nll_joint_base_spatial_no_donors_revised_visualization,2025-11-01,2025-11-01,0,48,74.38929679709412,101.57201356170444,137.47933066046377,190.1281407699533,269.0213493904296,361.7465309166895,521.2096930267833,2025-10-25,1,Texas,True
distributional_gaussian_nll_joint_base_spatial_no_donors_revised_visualization,2025-11-01,2025-11-08,1,48,66.5823271150349,98.98824583643184,151.3312121196723,218.67020079760323,321.5644380461963,473.2909900858277,725.3898423672434,2025-10-25,2,Texas,True
distributional_gaussian_nll_joint_base_spatial_no_donors_revised_visualization,2025-11-01,2025-11-15,2,48,71.82853543073003,120.47687835349194,190.46970280669137,316.40229851842787,473.6472179307126,678.1130325729744,1155.851955351075,2025-10-25,3,Texas,True
distributional_gaussian_nll_joint_base_spatial_no_donors_revised_visualization,2025-11-01,2025-11-22,3,48,69.63441943381903,124.78314315632144,204.259170083594,348.52287297883544,572.6792387926514,875.2402160327925,1501.0476133328384,2025-10-25,4,Texas,True
distributional_gaussian_nll_joint_base_spatial_no_donors_revised_visualization,2025-11-08,2025-11-08,0,48,83.11466825287161,115.82913887073424,157.9160079357239,228.78683422539663,322.4886806218097,453.56886380885214,638.7128021295977,2025-11-01,1,Texas,True
distributional_gaussian_nll_joint_base_spatial_no_donors_revised_visualization,2025-11-08,2025-11-15,1,48,77.80349405903141,117.56660811405048,172.2945813775517,269.86962498536576,408.6075617529944,583.8369660605565,880.5291719033294,2025-11-01,2,Texas,True
distributional_gaussian_nll_joint_base_spatial_no_donors_revised_visualization,2025-11-08,2025-11-22,2,48,89.25686101224579,139.98711484931044,211.6138119617696,358.2037332863208,595.5303829963843,929.1136382697,1488.258724829937,2025-11-01,3,Texas,True
distributional_gaussian_nll_joint_base_spatial_no_donors_revised_visualization,2025-11-08,2025-11-29,3,48,79.52428263320397,141.7790956874323,219.96385268998156,396.1962953325323,707.9388941464358,1158.1796425054915,1991.586619289643,2025-11-01,4,Texas,True
distributional_gaussian_nll_joint_base_spatial_no_donors_revised_visualization,2025-11-15,2025-11-15,0,48,132.37117274393376,174.40346834993892,222.13770026961015,300.5705895449622,407.0201726151445,544.9172870204475,749.0128854776401,2025-11-08,1,Texas,True
distributional_gaussian_nll_joint_base_spatial_no_donors_revised_visualization,2025-11-15,2025-11-22,1,48,117.45024685459114,170.8015196646533,236.43401037856464,349.0401008224686,513.0834651987993,720.5793470708163,1081.6309751250765,2025-11-08,2,Texas,True
distributional_gaussian_nll_joint_base_spatial_no_donors_revised_visualization,2025-11-15,2025-11-29,2,48,121.10918891337194,191.86467880968823,291.930395033071,460.62273306854667,753.7149956293845,1176.7885945044864,1865.153283627444,2025-11-08,3,Texas,True
distributional_gaussian_nll_joint_base_spatial_no_donors_revised_visualization,2025-11-15,2025-12-06,3,48,104.5527917509524,183.88103364322944,300.2032880221326,508.7907917800519,883.7380413310555,1465.9787635686885,2626.836899439369,2025-11-08,4,Texas,True
distributional_gaussian_nll_joint_base_spatial_no_donors_revised_visualization,2025-11-22,2025-11-22,0,48,158.6943076817148,213.5518990284355,280.6593082173431,369.4970279185016,504.0213382423375,655.1865351526824,906.626470947866,2025-11-15,1,Texas,True
distributional_gaussian_nll_joint_base_spatial_no_donors_revised_visualization,2025-11-22,2025-11-29,1,48,151.38661521605724,217.76844741999412,305.7847343825779,439.23579794897137,625.6946674953201,866.2987467925129,1251.333589502292,2025-11-15,2,Texas,True
distributional_gaussian_nll_joint_base_spatial_no_donors_revised_visualization,2025-11-22,2025-12-06,2,48,140.25852263441053,227.7270731517754,350.37719889348097,560.6833972495464,888.5108558349739,1316.8248757916858,2156.8498178440964,2025-11-15,3,Texas,True
distributional_gaussian_nll_joint_base_spatial_no_donors_revised_visualization,2025-11-22,2025-12-13,3,48,137.53275617617206,237.97961378587289,373.9046224024929,628.9034347894046,1035.14612433815,1632.0810911903422,2841.97210124798,2025-11-15,4,Texas,True
distributional_gaussian_nll_joint_base_spatial_no_donors_revised_visualization,2025-11-29,2025-11-29,0,48,269.47550546846605,365.2392533919094,471.3889974599099,621.876249018447,828.8273232677113,1097.8622376192018,1465.294131376259,2025-11-22,1,Texas,True
distributional_gaussian_nll_joint_base_spatial_no_donors_revised_visualization,2025-11-29,2025-12-06,1,48,245.7863656084128,357.1062295868885,487.7300836902059,729.9019948306736,1065.973563702964,1499.6440633142574,2136.453787342201,2025-11-22,2,Texas,True
distributional_gaussian_nll_joint_base_spatial_no_donors_revised_visualization,2025-11-29,2025-12-13,2,48,228.7757519786978,385.1055571447189,623.6384015724537,1036.9906108194016,1727.809288446998,2729.2115984803554,4466.843417169266,2025-11-22,3,Texas,True
distributional_gaussian_nll_joint_base_spatial_no_donors_revised_visualization,2025-11-29,2025-12-20,3,48,215.14924523664985,387.54582451238576,652.4756340084699,1179.2123836329056,2094.3897674582645,3317.5909926969234,5601.300862609278,2025-11-22,4,Texas,True
distributional_gaussian_nll_joint_base_spatial_no_donors_revised_visualization,2025-12-06,2025-12-06,0,48,349.1685144403267,493.3343821741688,657.3533619095903,889.6997057730055,1212.987650029834,1614.908087936966,2219.706249408713,2025-11-29,1,Texas,True
distributional_gaussian_nll_joint_base_spatial_no_donors_revised_visualization,2025-12-06,2025-12-13,1,48,336.38202298234864,519.098178726889,751.2385476500103,1127.0956145535963,1712.8825480118182,2460.51623333544,3746.640507074412,2025-11-29,2,Texas,True
distributional_gaussian_nll_joint_base_spatial_no_donors_revised_visualization,2025-12-06,2025-12-20,2,48,362.677711129524,620.0741890667484,1001.5979698465354,1655.511643720144,2741.434220490897,4503.30970077209,7528.425364429454,2025-11-29,3,Texas,True
distributional_gaussian_nll_joint_base_spatial_no_donors_revised_visualization,2025-12-06,2025-12-27,3,48,332.61028109866714,615.4491408927593,1066.8017963779096,1941.1608983522024,3625.990042030614,6407.926638705911,11537.508228899447,2025-11-29,4,Texas,True
distributional_gaussian_nll_joint_base_spatial_no_donors_revised_visualization,2025-12-13,2025-12-13,0,48,480.2173020985259,655.819481585311,842.8142571255624,1113.5743991433678,1496.128099871409,1925.243403323188,2528.285887214959,2025-12-06,1,Texas,True
distributional_gaussian_nll_joint_base_spatial_no_donors_revised_visualization,2025-12-13,2025-12-20,1,48,476.7376270914717,695.0796824362308,1007.211246277767,1450.772040120566,2170.6193356263448,3018.1817667170644,4362.363500723837,2025-12-06,2,Texas,True
distributional_gaussian_nll_joint_base_spatial_no_donors_revised_visualization,2025-12-13,2025-12-27,2,48,473.8405870093553,783.0762948251386,1214.3371128472988,2013.934971763223,3406.622888050685,5364.246169601625,8843.101308699894,2025-12-06,3,Texas,True
distributional_gaussian_nll_joint_base_spatial_no_donors_revised_visualization,2025-12-13,2026-01-03,3,48,426.282421388633,768.0256055972823,1308.0222011562823,2234.103329953944,4017.157181226532,6734.206000849321,12315.868442426248,2025-12-06,4,Texas,True
distributional_gaussian_nll_joint_base_spatial_no_donors_revised_visualization,2025-12-20,2025-12-20,0,48,661.0888155123953,873.8528148066167,1124.1807425126544,1520.401990940978,1998.761714162511,2508.510423124486,3321.933344322886,2025-12-13,1,Texas,True
distributional_gaussian_nll_joint_base_spatial_no_donors_revised_visualization,2025-12-20,2025-12-27,1,48,606.2097265063778,860.7608308262722,1230.4299103453031,1855.460179756148,2762.9999250271294,3943.007011152459,5853.1481483291445,2025-12-13,2,Texas,True
distributional_gaussian_nll_joint_base_spatial_no_donors_revised_visualization,2025-12-20,2026-01-03,2,48,590.8688587000606,940.3038131131686,1509.898424473827,2483.002231778676,4096.85724274275,6356.811994187963,10264.71492133474,2025-12-13,3,Texas,True
distributional_gaussian_nll_joint_base_spatial_no_donors_revised_visualization,2025-12-20,2026-01-10,3,48,491.547256896823,848.5432682323874,1420.2548302401551,2494.101776021741,4344.517752043118,7322.894073733272,12653.203451867035,2025-12-13,4,Texas,True
distributional_gaussian_nll_joint_base_spatial_no_donors_revised_visualization,2025-12-27,2025-12-27,0,48,1026.451115604832,1346.0484664866772,1711.2960749642762,2276.0596149556386,3003.213918347251,3851.06187144534,5063.376729146387,2025-12-20,1,Texas,True
distributional_gaussian_nll_joint_base_spatial_no_donors_revised_visualization,2025-12-27,2026-01-03,1,48,879.9670598462756,1253.712777673293,1705.6360351160577,2495.9522900090324,3598.908066018791,4926.363216997093,7093.9460285483565,2025-12-20,2,Texas,True
distributional_gaussian_nll_joint_base_spatial_no_donors_revised_visualization,2025-12-27,2026-01-10,2,48,684.0084530456576,1100.514109414044,1668.9890557186643,2624.01180908709,4262.447714621132,6570.873778482148,10629.891552296936,2025-12-20,3,Texas,True
distributional_gaussian_nll_joint_base_spatial_no_donors_revised_visualization,2025-12-27,2026-01-17,3,48,524.9454534265932,916.9982937529462,1486.863675531009,2548.407754917005,4438.504551040305,7259.882565227266,12581.194409118869,2025-12-20,4,Texas,True
distributional_gaussian_nll_joint_base_spatial_no_donors_revised_visualization,2026-01-03,2026-01-03,0,48,1334.8727070722343,1684.5908815349026,2066.855596358062,2640.338420014035,3343.859914021192,4136.056164905118,5222.148249869147,2025-12-27,1,Texas,True
distributional_gaussian_nll_joint_base_spatial_no_donors_revised_visualization,2026-01-03,2026-01-10,1,48,1065.7442973456943,1426.8986925710278,1897.1089303458657,2594.3228820207487,3638.163413035044,4883.1297080713975,6633.200612076122,2025-12-27,2,Texas,True
distributional_gaussian_nll_joint_base_spatial_no_donors_revised_visualization,2026-01-03,2026-01-17,2,48,799.6837695431655,1183.545277364704,1708.4576504958948,2559.2371859730665,3897.2329808999775,5488.722697612469,8024.44703472505,2025-12-27,3,Texas,True
distributional_gaussian_nll_joint_base_spatial_no_donors_revised_visualization,2026-01-03,2026-01-24,3,48,659.5971209901388,1031.7939722496535,1522.1154793960004,2497.864479785513,4042.4888896762623,6131.696293282002,9563.859375330536,2025-12-27,4,Texas,True
distributional_gaussian_nll_joint_base_spatial_no_donors_revised_visualization,2026-01-10,2026-01-10,0,48,1280.7641368126788,1571.0405801671086,1876.0704155171784,2284.0784594205707,2791.8123253746908,3312.623087691983,4002.157264833735,2026-01-03,1,Texas,True
distributional_gaussian_nll_joint_base_spatial_no_donors_revised_visualization,2026-01-10,2026-01-17,1,48,982.6103459656448,1310.206200834234,1696.6129595405014,2246.445787434488,2941.0795766808733,3781.6168461903,4910.210267939776,2026-01-03,2,Texas,True
distributional_gaussian_nll_joint_base_spatial_no_donors_revised_visualization,2026-01-10,2026-01-24,2,48,760.9002886356841,1122.4399992837325,1573.0615012843807,2262.249770190807,3192.1182906296417,4292.905894720414,5961.817610797919,2026-01-03,3,Texas,True
distributional_gaussian_nll_joint_base_spatial_no_donors_revised_visualization,2026-01-10,2026-01-31,3,48,590.3267097714444,949.193444846652,1439.8307265175076,2243.226869405329,3401.71215509518,4794.932314009256,7150.488401037488,2026-01-03,4,Texas,True
distributional_gaussian_nll_joint_base_spatial_no_donors_revised_visualization,2026-01-17,2026-01-17,0,48,1054.825748810484,1261.5462623986446,1532.1022096211211,1916.8970011867557,2293.15725308674,2677.147086785628,3195.0458440014336,2026-01-10,1,Texas,True
distributional_gaussian_nll_joint_base_spatial_no_donors_revised_visualization,2026-01-17,2026-01-24,1,48,854.3544430659559,1142.0871442829248,1447.357672129293,1915.2035808035168,2491.4856203555164,3118.953387932834,3993.068882539428,2026-01-10,2,Texas,True
distributional_gaussian_nll_joint_base_spatial_no_donors_revised_visualization,2026-01-17,2026-01-31,2,48,640.8476570518726,942.6277170442852,1306.862599286036,1901.1011324482736,2707.3929786097256,3817.4742537602815,5379.041892447144,2026-01-10,3,Texas,True
distributional_gaussian_nll_joint_base_spatial_no_donors_revised_visualization,2026-01-17,2026-02-07,3,48,472.9262055861837,784.3971363494691,1165.8943603846997,1819.4280541911528,2803.7780081373376,4254.190114784447,6460.3116796019385,2026-01-10,4,Texas,True
distributional_gaussian_nll_joint_base_spatial_no_donors_revised_visualization,2026-01-24,2026-01-24,0,48,591.98997148334,736.7994449357066,897.0735883577315,1136.2096312532076,1377.742927258685,1634.696543003593,2012.7675693752087,2026-01-17,1,Texas,True
distributional_gaussian_nll_joint_base_spatial_no_donors_revised_visualization,2026-01-24,2026-01-31,1,48,472.5926431063912,638.9715911179742,817.258502301085,1079.3015593745422,1423.9259054738218,1833.706089388764,2472.126058947578,2026-01-17,2,Texas,True
distributional_gaussian_nll_joint_base_spatial_no_donors_revised_visualization,2026-01-24,2026-02-07,2,48,344.5661451398738,521.5426712095666,733.3151063908176,1047.679897962743,1508.8713331183872,2077.7497713080124,2972.917214516124,2026-01-17,3,Texas,True
distributional_gaussian_nll_joint_base_spatial_no_donors_revised_visualization,2026-01-24,2026-02-14,3,48,279.1911235396061,443.6305340374154,635.2547308721287,968.7707813237135,1466.318808641869,2107.085572655851,3258.5906597458493,2026-01-17,4,Texas,True
distributional_gaussian_nll_joint_base_spatial_no_donors_revised_visualization,2026-01-31,2026-01-31,0,48,657.2931609285038,799.1764777057275,927.636922932084,1114.4640596846511,1342.6090003217728,1608.8021067369832,1990.115758136637,2026-01-24,1,Texas,True
distributional_gaussian_nll_joint_base_spatial_no_donors_revised_visualization,2026-01-31,2026-02-07,1,48,464.1191016792442,623.1551033496667,789.9302742438142,1048.706422253689,1386.4591962490908,1796.9013925720524,2376.3337792886014,2026-01-24,2,Texas,True
distributional_gaussian_nll_joint_base_spatial_no_donors_revised_visualization,2026-01-31,2026-02-14,2,48,304.5893453938918,450.2593184431163,648.3096187940824,968.5578795638088,1419.789356715978,2097.2797102956306,3063.2134907071204,2026-01-24,3,Texas,True
distributional_gaussian_nll_joint_base_spatial_no_donors_revised_visualization,2026-01-31,2026-02-21,3,48,236.40832234984865,369.4293135162189,553.6328094609673,878.4472927766963,1433.993265179398,2231.1149316233905,3570.3680277951557,2026-01-24,4,Texas,True
distributional_gaussian_nll_joint_base_spatial_no_donors_revised_visualization,2026-02-07,2026-02-07,0,48,598.5420838037626,728.8460569449985,862.6535456288282,1028.3848134693849,1232.3819830299644,1435.2773471359772,1681.3782663674565,2026-01-31,1,Texas,True
distributional_gaussian_nll_joint_base_spatial_no_donors_revised_visualization,2026-02-07,2026-02-14,1,48,484.980454635886,630.7590713892369,778.7087991764804,993.172486222179,1226.8820520204572,1552.1297198277323,1970.68363046806,2026-01-31,2,Texas,True
distributional_gaussian_nll_joint_base_spatial_no_donors_revised_visualization,2026-02-07,2026-02-21,2,48,309.5197447626855,432.42701618988656,589.1135198731753,852.950179953085,1239.6327085173457,1628.0644482848415,2289.214440791233,2026-01-31,3,Texas,True
distributional_gaussian_nll_joint_base_spatial_no_donors_revised_visualization,2026-02-07,2026-02-28,3,48,238.7693702188361,346.79639201242446,507.5511553699843,786.5599667102126,1224.8014044809906,1713.7388418658002,2449.9915851607857,2026-01-31,4,Texas,True
distributional_gaussian_nll_joint_base_spatial_no_donors_revised_visualization,2026-02-14,2026-02-14,0,48,699.951954034112,835.5987352806532,976.5985530748736,1157.557917021813,1380.6333437362418,1624.0801200951803,1899.5702936854416,2026-02-07,1,Texas,True
distributional_gaussian_nll_joint_base_spatial_no_donors_revised_visualization,2026-02-14,2026-02-21,1,48,549.3551607056459,698.0976934095393,862.3493706265705,1082.434849833377,1372.485812880216,1678.381371376923,2097.0408242031986,2026-02-07,2,Texas,True
distributional_gaussian_nll_joint_base_spatial_no_donors_revised_visualization,2026-02-14,2026-02-28,2,48,371.6789834869616,506.89982804717226,685.9462323364523,953.7730807044338,1327.0028236964802,1753.5603080405826,2404.601811501118,2026-02-07,3,Texas,True
distributional_gaussian_nll_joint_base_spatial_no_donors_revised_visualization,2026-02-14,2026-03-07,3,48,288.38816458207475,417.2378158344374,593.3077355056159,867.9492394250926,1258.7715796437303,1750.8466157311232,2494.390805461847,2026-02-07,4,Texas,True
distributional_gaussian_nll_joint_base_spatial_no_donors_revised_visualization,2026-02-21,2026-02-21,0,48,737.447586269847,864.5752623205199,998.3268043542485,1179.3722576300645,1382.5508321072966,1600.4463662280325,1882.783775909209,2026-02-14,1,Texas,True
distributional_gaussian_nll_joint_base_spatial_no_donors_revised_visualization,2026-02-21,2026-02-28,1,48,618.5318730597802,757.5574921185615,897.9450520802789,1111.556468974347,1368.9562441395278,1641.4011882395898,2019.3195471687216,2026-02-14,2,Texas,True
distributional_gaussian_nll_joint_base_spatial_no_donors_revised_visualization,2026-02-21,2026-03-07,2,48,455.39444412721633,587.3154632494293,744.8960925372858,1002.3967529867424,1328.4020823047183,1682.764083472055,2176.7499772308465,2026-02-14,3,Texas,True
distributional_gaussian_nll_joint_base_spatial_no_donors_revised_visualization,2026-02-21,2026-03-14,3,48,352.4212139671756,487.5842635381284,637.39011980632,887.9296757128684,1252.3464617460295,1682.1534568252123,2310.758319238236,2026-02-14,4,Texas,True
distributional_gaussian_nll_joint_base_spatial_no_donors_revised_visualization,2026-02-28,2026-02-28,0,48,608.5809742600611,713.1746936588941,813.0815651033349,937.1096795074192,1094.5191053334192,1256.6152363497697,1474.325513740092,2026-02-21,1,Texas,True
distributional_gaussian_nll_joint_base_spatial_no_donors_revised_visualization,2026-02-28,2026-03-07,1,48,506.710541929309,619.8733624650388,732.3714363048733,886.8116682765974,1071.1441086947343,1273.9379692190234,1550.0577063205822,2026-02-21,2,Texas,True
distributional_gaussian_nll_joint_base_spatial_no_donors_revised_visualization,2026-02-28,2026-03-14,2,48,385.6380594549356,501.0418443183295,631.6675057130153,806.205106433144,1036.2624052036608,1308.7167540564978,1694.3276743437996,2026-02-21,3,Texas,True
distributional_gaussian_nll_joint_base_spatial_no_donors_revised_visualization,2026-02-28,2026-03-21,3,48,292.2280028803873,397.575373013494,523.7288049440367,720.5727603158894,973.8899479440094,1273.587058993639,1712.2359005536814,2026-02-21,4,Texas,True
distributional_gaussian_nll_joint_base_spatial_no_donors_revised_visualization,2026-03-07,2026-03-07,0,48,429.8843325542565,502.505640237136,579.4049060518987,677.1700618276545,792.2295152463842,921.0794727065193,1086.8495933099823,2026-02-28,1,Texas,True
distributional_gaussian_nll_joint_base_spatial_no_donors_revised_visualization,2026-03-07,2026-03-14,1,48,353.46570469037016,429.4273877547312,511.5221695640429,623.8790991418366,755.3245476003945,907.0445969170256,1098.2219101121286,2026-02-28,2,Texas,True
distributional_gaussian_nll_joint_base_spatial_no_donors_revised_visualization,2026-03-07,2026-03-21,2,48,261.77061423244504,342.2692861961588,430.6680443540095,557.9964002245075,727.2774931211031,939.1357419640092,1220.2636711114587,2026-02-28,3,Texas,True
distributional_gaussian_nll_joint_base_spatial_no_donors_revised_visualization,2026-03-07,2026-03-28,3,48,193.74212888984025,266.9715378019962,349.46836945924605,472.2932843674357,659.1994197103297,887.5509022177225,1213.6326924768769,2026-02-28,4,Texas,True
distributional_gaussian_nll_joint_base_spatial_no_donors_revised_visualization,2026-03-14,2026-03-14,0,48,373.7402559964131,456.2894359605434,542.563757618585,642.9833790995832,786.6427607749351,943.6357232482312,1139.0080601685336,2026-03-07,1,Texas,True
distributional_gaussian_nll_joint_base_spatial_no_donors_revised_visualization,2026-03-14,2026-03-21,1,48,284.9883985179606,362.4618214159624,441.2184651535094,566.2891885520625,725.4998817708326,893.0755934043277,1139.5602473106187,2026-03-07,2,Texas,True
distributional_gaussian_nll_joint_base_spatial_no_donors_revised_visualization,2026-03-14,2026-03-28,2,48,196.06614361430024,264.5154658626394,349.09111086209435,479.5603415329425,645.0807529041707,836.5752052548473,1120.7867779572407,2026-03-07,3,Texas,True
distributional_gaussian_nll_joint_base_spatial_no_donors_revised_visualization,2026-03-14,2026-04-04,3,48,140.2501726517582,199.65102808167285,273.0944066939833,391.37090455147086,557.0390225104702,757.8667855171499,1074.4970123662133,2026-03-07,4,Texas,True
distributional_gaussian_nll_joint_base_spatial_no_donors_revised_visualization,2026-03-21,2026-03-21,0,48,178.80347184804515,235.13150337461585,293.7969949781789,388.7640100418885,499.1174720193308,617.7541322822494,797.2623188522887,2026-03-14,1,Texas,True
distributional_gaussian_nll_joint_base_spatial_no_donors_revised_visualization,2026-03-21,2026-03-28,1,48,126.64703568964882,175.76600664695962,236.9940113569698,333.2479284960841,454.8187756397401,607.9120954064504,821.2723672169997,2026-03-14,2,Texas,True
distributional_gaussian_nll_joint_base_spatial_no_donors_revised_visualization,2026-03-21,2026-04-04,2,48,89.29536218535395,131.03839670199017,183.60403730879608,263.8121331582456,382.1919322304864,544.1066347849885,797.2776450634813,2026-03-14,3,Texas,True
distributional_gaussian_nll_joint_base_spatial_no_donors_revised_visualization,2026-03-21,2026-04-11,3,48,65.37091062323609,99.8590374869126,143.98530653878754,215.44966003802608,320.8201119097622,479.2036395730751,724.6218165141631,2026-03-14,4,Texas,True
distributional_gaussian_nll_joint_base_spatial_no_donors_revised_visualization,2026-03-28,2026-03-28,0,48,178.78062523063295,227.6244206502216,282.9080154142806,355.63089547127146,454.8899522719335,552.6190464289423,698.8048413375936,2026-03-21,1,Texas,True
distributional_gaussian_nll_joint_base_spatial_no_donors_revised_visualization,2026-03-28,2026-04-04,1,48,120.59402427915376,163.59440998019505,219.78126081138657,296.4831418972666,409.0208217765596,526.4374987681103,701.6860627939045,2026-03-21,2,Texas,True
distributional_gaussian_nll_joint_base_spatial_no_donors_revised_visualization,2026-03-28,2026-04-11,2,48,76.2010990736554,111.75690390665017,157.26378811087838,230.27556783548852,343.34326546397665,477.1198135960667,699.3638199524073,2026-03-21,3,Texas,True
distributional_gaussian_nll_joint_base_spatial_no_donors_revised_visualization,2026-03-28,2026-04-18,3,48,50.72661074622026,79.26370549425923,119.82941295764468,184.86348929456176,295.3132124000444,433.528113597748,680.0208417261806,2026-03-21,4,Texas,True
distributional_gaussian_nll_joint_base_spatial_no_donors_revised_visualization,2026-04-04,2026-04-04,0,48,62.229895199585386,86.69428443430724,117.57906779540065,175.73138142571446,242.2840314814284,321.99549754869133,454.54792748230943,2026-03-28,1,Texas,True
distributional_gaussian_nll_joint_base_spatial_no_donors_revised_visualization,2026-04-04,2026-04-11,1,48,42.08029331572977,63.54799011237256,90.91832371981444,138.1718387714107,204.91881471514725,282.4470059980505,407.49442386663645,2026-03-28,2,Texas,True
distributional_gaussian_nll_joint_base_spatial_no_donors_revised_visualization,2026-04-04,2026-04-18,2,48,29.897888819275256,47.01757289728327,72.0346883807214,114.45056668053942,170.59232325060282,259.1156087697426,384.3403691911424,2026-03-28,3,Texas,True
distributional_gaussian_nll_joint_base_spatial_no_donors_revised_visualization,2026-04-04,2026-04-25,3,48,22.736251837141573,36.3090334421636,56.00354822453761,93.98437464980267,147.1625104707072,220.4940168778368,344.7940938140143,2026-03-28,4,Texas,True
distributional_gaussian_nll_joint_base_spatial_no_donors_revised_visualization,2026-04-11,2026-04-11,0,48,43.69616308337858,64.96383612179207,91.3762045113912,137.01870370760457,197.69040315780035,289.957948880231,439.2416139767024,2026-04-04,1,Texas,True
distributional_gaussian_nll_joint_base_spatial_no_donors_revised_visualization,2026-04-11,2026-04-18,1,48,28.00065572126215,44.91954567917129,68.42475088836973,111.8918628549983,170.87486690897543,251.2511332911526,398.6713746529189,2026-04-04,2,Texas,True
distributional_gaussian_nll_joint_base_spatial_no_donors_revised_visualization,2026-04-11,2026-04-25,2,48,19.26805062119611,32.06537112363997,50.50182810048954,86.6465623178294,143.14325243113166,220.9128440971576,349.7630849041664,2026-04-04,3,Texas,True
distributional_gaussian_nll_joint_base_spatial_no_donors_revised_visualization,2026-04-18,2026-04-18,0,48,30.27835301720439,45.57065294576759,64.45616238751352,96.14893013855912,137.68427361728124,195.80851519562265,284.1196540136119,2026-04-11,1,Texas,True
distributional_gaussian_nll_joint_base_spatial_no_donors_revised_visualization,2026-04-18,2026-04-25,1,48,19.333315932917507,31.53073529531715,46.89993452148447,75.44958499960717,119.99313255947608,183.1913393530032,292.986349415413,2026-04-11,2,Texas,True
distributional_gaussian_nll_joint_base_spatial_no_donors_revised_visualization,2026-04-25,2026-04-25,0,48,31.03767736337092,45.08615665701382,61.73805131579809,91.67256609701936,134.51492442165124,184.85945468174185,266.2175234332482,2026-04-18,1,Texas,True
